vector_id,label,vector_path,image_id,object_id
fda88030-d817-4d1b-ae4c-0617d205dbf1,2,/home/azureuser/capstone/embeddings/fda88030-d817-4d1b-ae4c-0617d205dbf1.pt,64,350246
74086675-d805-45d6-a6dc-ba4e18c3092b,2,/home/azureuser/capstone/embeddings/74086675-d805-45d6-a6dc-ba4e18c3092b.pt,71,141916
5f0bfad4-9b0b-42a9-9d4b-7657b545d689,2,/home/azureuser/capstone/embeddings/5f0bfad4-9b0b-42a9-9d4b-7657b545d689.pt,71,142392
9f2b4313-e21d-4a73-818d-931f268fa109,2,/home/azureuser/capstone/embeddings/9f2b4313-e21d-4a73-818d-931f268fa109.pt,71,147406
18ae533f-3897-4242-801c-0a5671be2989,2,/home/azureuser/capstone/embeddings/18ae533f-3897-4242-801c-0a5671be2989.pt,71,147450
724d82c5-e55d-4b0c-8695-1ff182336589,39,/home/azureuser/capstone/embeddings/724d82c5-e55d-4b0c-8695-1ff182336589.pt,71,243806
7210c9d9-f486-4805-8c5d-16b8c502120a,2,/home/azureuser/capstone/embeddings/7210c9d9-f486-4805-8c5d-16b8c502120a.pt,71,1341891
30fa82a0-7c41-4791-b2e1-4cfaafde8ae1,2,/home/azureuser/capstone/embeddings/30fa82a0-7c41-4791-b2e1-4cfaafde8ae1.pt,71,1775392
e19e10c0-99ea-41a1-8972-f7a2e493aed6,2,/home/azureuser/capstone/embeddings/e19e10c0-99ea-41a1-8972-f7a2e493aed6.pt,71,1775823
a3019068-2d37-49ef-800a-3b06f74b5bac,2,/home/azureuser/capstone/embeddings/a3019068-2d37-49ef-800a-3b06f74b5bac.pt,71,1779188
e90a479e-ae18-412b-ac66-a1fe6c8b4990,2,/home/azureuser/capstone/embeddings/e90a479e-ae18-412b-ac66-a1fe6c8b4990.pt,71,1783107
7f571160-f3ae-4951-99e2-9e862612b5e8,2,/home/azureuser/capstone/embeddings/7f571160-f3ae-4951-99e2-9e862612b5e8.pt,71,1783702
2ad5ac14-388b-4137-ae77-6de554cfbd1d,2,/home/azureuser/capstone/embeddings/2ad5ac14-388b-4137-ae77-6de554cfbd1d.pt,71,2229703
bf405b0b-fb9f-4991-bd18-1ee2e1c452d9,2,/home/azureuser/capstone/embeddings/bf405b0b-fb9f-4991-bd18-1ee2e1c452d9.pt,71,2229707
3100a8da-bdf6-4f08-b36e-8506c57b08f4,2,/home/azureuser/capstone/embeddings/3100a8da-bdf6-4f08-b36e-8506c57b08f4.pt,94,346764
4667c8de-afb0-4703-96b8-b36f2d79a418,39,/home/azureuser/capstone/embeddings/4667c8de-afb0-4703-96b8-b36f2d79a418.pt,142,82331
647c07b0-71e6-434a-af1f-bdbfc1dd75b2,2,/home/azureuser/capstone/embeddings/647c07b0-71e6-434a-af1f-bdbfc1dd75b2.pt,149,1342984
ff0fbc9a-3051-42d2-95bf-b6f62bd0b59b,2,/home/azureuser/capstone/embeddings/ff0fbc9a-3051-42d2-95bf-b6f62bd0b59b.pt,149,1352349
2baec8b3-934e-4905-8830-514443cd2023,2,/home/azureuser/capstone/embeddings/2baec8b3-934e-4905-8830-514443cd2023.pt,149,1353295
796421cd-f5c1-48db-94b2-1aca98e2001b,2,/home/azureuser/capstone/embeddings/796421cd-f5c1-48db-94b2-1aca98e2001b.pt,149,1354648
23ec961b-d75f-459a-9754-a600dbfca1df,2,/home/azureuser/capstone/embeddings/23ec961b-d75f-459a-9754-a600dbfca1df.pt,164,86621
2c815ba4-c4c5-4b9c-ba52-1efbf38b979f,39,/home/azureuser/capstone/embeddings/2c815ba4-c4c5-4b9c-ba52-1efbf38b979f.pt,164,90821
bf711ec9-aa07-4ae6-851d-371d2c6d6543,2,/home/azureuser/capstone/embeddings/bf711ec9-aa07-4ae6-851d-371d2c6d6543.pt,164,96341
7644ef9c-6106-43a5-97bb-7dc4312fc657,2,/home/azureuser/capstone/embeddings/7644ef9c-6106-43a5-97bb-7dc4312fc657.pt,164,96596
c5f33e54-2e28-48cd-b5ea-42a75a3ed3a5,39,/home/azureuser/capstone/embeddings/c5f33e54-2e28-48cd-b5ea-42a75a3ed3a5.pt,164,96815
a34da416-5f7d-4c8b-bdd5-fd1af0a450f9,39,/home/azureuser/capstone/embeddings/a34da416-5f7d-4c8b-bdd5-fd1af0a450f9.pt,164,370293
fbd1a25b-5427-43f8-8ac2-d7984546a35c,39,/home/azureuser/capstone/embeddings/fbd1a25b-5427-43f8-8ac2-d7984546a35c.pt,164,371777
95d6e16e-016e-46f8-a409-9b7a5ce06468,39,/home/azureuser/capstone/embeddings/95d6e16e-016e-46f8-a409-9b7a5ce06468.pt,164,372156
0f9a98da-7b15-41cc-bac9-69d90f9bd1b2,2,/home/azureuser/capstone/embeddings/0f9a98da-7b15-41cc-bac9-69d90f9bd1b2.pt,164,372297
52da870c-7804-4f38-9381-f742c892622d,2,/home/azureuser/capstone/embeddings/52da870c-7804-4f38-9381-f742c892622d.pt,164,372380
00a7d350-ef23-4efc-9833-1c657d3bc613,2,/home/azureuser/capstone/embeddings/00a7d350-ef23-4efc-9833-1c657d3bc613.pt,241,87146
40ffab1c-acf2-4830-8450-768c2dd0d539,2,/home/azureuser/capstone/embeddings/40ffab1c-acf2-4830-8450-768c2dd0d539.pt,247,137645
58f3a006-a0ea-457f-bb18-176aecb2c0b1,2,/home/azureuser/capstone/embeddings/58f3a006-a0ea-457f-bb18-176aecb2c0b1.pt,247,138411
aae4933b-1ac8-4693-81f8-ad64ba4c3c11,2,/home/azureuser/capstone/embeddings/aae4933b-1ac8-4693-81f8-ad64ba4c3c11.pt,247,139458
5aa5cc15-50b8-477b-98c3-a06f8ea99be5,2,/home/azureuser/capstone/embeddings/5aa5cc15-50b8-477b-98c3-a06f8ea99be5.pt,247,1342772
4def410b-fc1f-4f54-8f4a-98f4cfd83859,2,/home/azureuser/capstone/embeddings/4def410b-fc1f-4f54-8f4a-98f4cfd83859.pt,247,1343931
848be40d-b265-443c-80a5-fd1d4db7b289,2,/home/azureuser/capstone/embeddings/848be40d-b265-443c-80a5-fd1d4db7b289.pt,247,2043341
3524ebc1-88bd-4edd-9443-a51e79f240b0,2,/home/azureuser/capstone/embeddings/3524ebc1-88bd-4edd-9443-a51e79f240b0.pt,260,1341349
ae947b4d-0e8b-4f3b-93c8-bb1a89d833d2,39,/home/azureuser/capstone/embeddings/ae947b4d-0e8b-4f3b-93c8-bb1a89d833d2.pt,283,89091
ba11f7b1-b285-48a8-9884-a9663d98f3aa,2,/home/azureuser/capstone/embeddings/ba11f7b1-b285-48a8-9884-a9663d98f3aa.pt,307,134072
a1341ac2-ded6-44fc-a1cb-4829d7eec90b,2,/home/azureuser/capstone/embeddings/a1341ac2-ded6-44fc-a1cb-4829d7eec90b.pt,328,1341477
b7de93c4-42e3-407b-91d2-ec94ae871ca8,2,/home/azureuser/capstone/embeddings/b7de93c4-42e3-407b-91d2-ec94ae871ca8.pt,359,1778050
f8e16f6f-86c1-4e68-a354-c041f2b571c2,39,/home/azureuser/capstone/embeddings/f8e16f6f-86c1-4e68-a354-c041f2b571c2.pt,419,1786956
9fb1802b-e029-4315-8d3b-89ebf51bda68,2,/home/azureuser/capstone/embeddings/9fb1802b-e029-4315-8d3b-89ebf51bda68.pt,419,1788057
dcf01b78-b0de-4651-8004-10e5a80055ec,2,/home/azureuser/capstone/embeddings/dcf01b78-b0de-4651-8004-10e5a80055ec.pt,419,1788442
1138e543-8ee0-43b6-86dd-6fa70dc271e4,39,/home/azureuser/capstone/embeddings/1138e543-8ee0-43b6-86dd-6fa70dc271e4.pt,486,1488066
1fa45fb7-a237-4d8b-b492-9e8f4a752103,39,/home/azureuser/capstone/embeddings/1fa45fb7-a237-4d8b-b492-9e8f4a752103.pt,486,2093503
3b06059c-cf04-4ebb-9e38-00766bfabeaa,39,/home/azureuser/capstone/embeddings/3b06059c-cf04-4ebb-9e38-00766bfabeaa.pt,486,2096912
ecd301ab-3e5d-4c3b-9657-e2dda671f779,2,/home/azureuser/capstone/embeddings/ecd301ab-3e5d-4c3b-9657-e2dda671f779.pt,540,133096
898f9be5-f4eb-4e64-91c8-b0a5b80c38f9,2,/home/azureuser/capstone/embeddings/898f9be5-f4eb-4e64-91c8-b0a5b80c38f9.pt,540,137107
09784c6a-f481-4744-a8df-812a34d72edb,2,/home/azureuser/capstone/embeddings/09784c6a-f481-4744-a8df-812a34d72edb.pt,540,137811
d5ede648-3def-402f-9e2b-2cc6874f44af,2,/home/azureuser/capstone/embeddings/d5ede648-3def-402f-9e2b-2cc6874f44af.pt,540,141334
b7be5348-2449-43c9-962e-41d7848c1442,2,/home/azureuser/capstone/embeddings/b7be5348-2449-43c9-962e-41d7848c1442.pt,540,1348427
4c9c7b12-abbc-4ad0-abc4-4a7fbe3f8a3c,2,/home/azureuser/capstone/embeddings/4c9c7b12-abbc-4ad0-abc4-4a7fbe3f8a3c.pt,540,1351356
e90aeacf-06e3-4b0e-a6d6-cec24a960b85,2,/home/azureuser/capstone/embeddings/e90aeacf-06e3-4b0e-a6d6-cec24a960b85.pt,540,1354923
25bf8f80-e912-47c0-82b7-3c7f0c2d5f48,2,/home/azureuser/capstone/embeddings/25bf8f80-e912-47c0-82b7-3c7f0c2d5f48.pt,540,1356883
5cc2cc3b-1369-4439-8e35-63b64fc8db8d,2,/home/azureuser/capstone/embeddings/5cc2cc3b-1369-4439-8e35-63b64fc8db8d.pt,540,1357557
a992b8df-fb96-4e6f-8f9b-7c44f52eca2b,2,/home/azureuser/capstone/embeddings/a992b8df-fb96-4e6f-8f9b-7c44f52eca2b.pt,540,1358444
4370eb74-38b1-4438-b421-a762c652125b,2,/home/azureuser/capstone/embeddings/4370eb74-38b1-4438-b421-a762c652125b.pt,540,1359526
b2d95517-beaa-4a65-bff9-d532601b241b,2,/home/azureuser/capstone/embeddings/b2d95517-beaa-4a65-bff9-d532601b241b.pt,540,1359595
91c823ae-101b-4285-b5f3-540ed9fed2c6,2,/home/azureuser/capstone/embeddings/91c823ae-101b-4285-b5f3-540ed9fed2c6.pt,540,2036769
eff9fb75-62e9-4cef-a390-d67c48f74a8b,2,/home/azureuser/capstone/embeddings/eff9fb75-62e9-4cef-a390-d67c48f74a8b.pt,540,900300000540
9931843f-67cb-441c-bde5-262baff978f9,39,/home/azureuser/capstone/embeddings/9931843f-67cb-441c-bde5-262baff978f9.pt,643,83580
a956d328-e14d-485b-96ee-7f4cb0346ecd,2,/home/azureuser/capstone/embeddings/a956d328-e14d-485b-96ee-7f4cb0346ecd.pt,643,2213280
a07d6029-cd30-4d05-8814-129ef0435db9,2,/home/azureuser/capstone/embeddings/a07d6029-cd30-4d05-8814-129ef0435db9.pt,650,143576
4a3313bc-306c-4c72-9404-b195d9120f41,2,/home/azureuser/capstone/embeddings/4a3313bc-306c-4c72-9404-b195d9120f41.pt,656,133056
4962bab4-e8d9-42b8-b9ca-608d801af182,39,/home/azureuser/capstone/embeddings/4962bab4-e8d9-42b8-b9ca-608d801af182.pt,656,1772320
1bcb37be-fff5-4618-b989-d16e13157a02,2,/home/azureuser/capstone/embeddings/1bcb37be-fff5-4618-b989-d16e13157a02.pt,675,1868849
029eeab9-5fd3-4020-8013-d402e4ccf95d,39,/home/azureuser/capstone/embeddings/029eeab9-5fd3-4020-8013-d402e4ccf95d.pt,714,89198
d5402842-a916-4af9-b0b1-eebe140cf11a,39,/home/azureuser/capstone/embeddings/d5402842-a916-4af9-b0b1-eebe140cf11a.pt,714,2094248
b5f55fbd-e65c-468d-9843-a8d77fba3115,2,/home/azureuser/capstone/embeddings/b5f55fbd-e65c-468d-9843-a8d77fba3115.pt,722,345255
3dbb5c63-7440-44b4-8997-fc79ffe02d15,2,/home/azureuser/capstone/embeddings/3dbb5c63-7440-44b4-8997-fc79ffe02d15.pt,722,350173
28654b82-594d-495c-a477-1fd767317406,2,/home/azureuser/capstone/embeddings/28654b82-594d-495c-a477-1fd767317406.pt,722,358650
1929329d-9c69-4f56-b980-89df093fc957,2,/home/azureuser/capstone/embeddings/1929329d-9c69-4f56-b980-89df093fc957.pt,722,1773374
3d3b9996-2818-4e1f-89cc-52545c979f9f,2,/home/azureuser/capstone/embeddings/3d3b9996-2818-4e1f-89cc-52545c979f9f.pt,722,1776112
05a1d745-b1d7-468d-8257-58aadd55cb9b,2,/home/azureuser/capstone/embeddings/05a1d745-b1d7-468d-8257-58aadd55cb9b.pt,722,2037754
200358b4-79d3-49bd-ba22-938fd2da0052,2,/home/azureuser/capstone/embeddings/200358b4-79d3-49bd-ba22-938fd2da0052.pt,730,349312
b125a331-d6c4-487d-a266-cba9f85fb071,2,/home/azureuser/capstone/embeddings/b125a331-d6c4-487d-a266-cba9f85fb071.pt,730,358506
e2788833-c941-41a4-a34a-ddf85333f3de,2,/home/azureuser/capstone/embeddings/e2788833-c941-41a4-a34a-ddf85333f3de.pt,731,347702
c07635d3-21d9-49d9-aee1-0d4e81e6c221,2,/home/azureuser/capstone/embeddings/c07635d3-21d9-49d9-aee1-0d4e81e6c221.pt,731,350719
caa7de32-6e37-438b-810a-a43b9da25e2d,2,/home/azureuser/capstone/embeddings/caa7de32-6e37-438b-810a-a43b9da25e2d.pt,731,359989
0e3daa60-f74f-4b3e-ba58-467be50402c7,2,/home/azureuser/capstone/embeddings/0e3daa60-f74f-4b3e-ba58-467be50402c7.pt,731,2046360
645394a3-3e96-4664-b7bf-91021aa7b05a,39,/home/azureuser/capstone/embeddings/645394a3-3e96-4664-b7bf-91021aa7b05a.pt,754,1483810
b613b05c-9ad3-4b6c-a24a-c9f348a75488,2,/home/azureuser/capstone/embeddings/b613b05c-9ad3-4b6c-a24a-c9f348a75488.pt,775,1344149
e34548a1-0b14-4c42-a480-aba8a5859c9d,39,/home/azureuser/capstone/embeddings/e34548a1-0b14-4c42-a480-aba8a5859c9d.pt,790,1487959
7dbd5a16-ee18-4ea8-8d2f-0bb8a80a2d94,39,/home/azureuser/capstone/embeddings/7dbd5a16-ee18-4ea8-8d2f-0bb8a80a2d94.pt,790,2095869
58d74bb0-ebcf-4db9-86a9-4ad2a428a493,39,/home/azureuser/capstone/embeddings/58d74bb0-ebcf-4db9-86a9-4ad2a428a493.pt,790,2096927
b2e83f61-d425-4063-a065-6bd8812122f6,39,/home/azureuser/capstone/embeddings/b2e83f61-d425-4063-a065-6bd8812122f6.pt,790,2097040
c4c38349-0fc3-4fae-b7c4-2f2614d05cae,39,/home/azureuser/capstone/embeddings/c4c38349-0fc3-4fae-b7c4-2f2614d05cae.pt,790,2097123
46a2b1a2-c6d1-4f2c-bc8e-ed20fd192b11,39,/home/azureuser/capstone/embeddings/46a2b1a2-c6d1-4f2c-bc8e-ed20fd192b11.pt,790,2097156
fc0a7b7a-9821-4eea-b6f0-bfc563cd5bf9,2,/home/azureuser/capstone/embeddings/fc0a7b7a-9821-4eea-b6f0-bfc563cd5bf9.pt,810,1777088
6d5c7491-df03-4f1a-adcd-b1676584f772,39,/home/azureuser/capstone/embeddings/6d5c7491-df03-4f1a-adcd-b1676584f772.pt,821,345691
415dcce1-9fae-4861-b19e-9d697bfac500,2,/home/azureuser/capstone/embeddings/415dcce1-9fae-4861-b19e-9d697bfac500.pt,821,355014
f10e81eb-7d2e-43c1-b6ae-129926eae3cf,2,/home/azureuser/capstone/embeddings/f10e81eb-7d2e-43c1-b6ae-129926eae3cf.pt,821,356759
618097ed-85c0-4a74-b3e9-d416acbd7674,2,/home/azureuser/capstone/embeddings/618097ed-85c0-4a74-b3e9-d416acbd7674.pt,821,1192720
3b70594a-fc81-4454-aeea-35a316d20f6b,2,/home/azureuser/capstone/embeddings/3b70594a-fc81-4454-aeea-35a316d20f6b.pt,821,1194757
cdba45b0-698d-479b-9cf7-0028fb6c1ce1,2,/home/azureuser/capstone/embeddings/cdba45b0-698d-479b-9cf7-0028fb6c1ce1.pt,839,1338368
68cda42e-e3b8-437f-ad87-8a8200b15e4c,39,/home/azureuser/capstone/embeddings/68cda42e-e3b8-437f-ad87-8a8200b15e4c.pt,909,85103
97e9be44-ed2e-4027-8c69-79fa06c59531,2,/home/azureuser/capstone/embeddings/97e9be44-ed2e-4027-8c69-79fa06c59531.pt,923,1346712
82dba2bf-4a33-46aa-82f9-3072c44fc64d,2,/home/azureuser/capstone/embeddings/82dba2bf-4a33-46aa-82f9-3072c44fc64d.pt,923,1352111
c1b25388-9709-40e2-9c3a-18594f0f1165,2,/home/azureuser/capstone/embeddings/c1b25388-9709-40e2-9c3a-18594f0f1165.pt,923,1359044
751b38fa-7049-4b95-b639-46aec307ac0f,2,/home/azureuser/capstone/embeddings/751b38fa-7049-4b95-b639-46aec307ac0f.pt,923,1359812
37e36739-fdf9-4a92-8570-3d3186c392a1,2,/home/azureuser/capstone/embeddings/37e36739-fdf9-4a92-8570-3d3186c392a1.pt,923,1774047
b7557c5b-3882-4f7f-bc56-895aafe14bf2,2,/home/azureuser/capstone/embeddings/b7557c5b-3882-4f7f-bc56-895aafe14bf2.pt,923,1777689
0b4b24cd-02a6-4260-aca5-c61a7e35026a,2,/home/azureuser/capstone/embeddings/0b4b24cd-02a6-4260-aca5-c61a7e35026a.pt,923,1777949
69b73e1c-3aeb-4a53-9e40-c008bad80871,2,/home/azureuser/capstone/embeddings/69b73e1c-3aeb-4a53-9e40-c008bad80871.pt,923,1780092
7e322537-5d67-4c8e-82aa-10493b46be99,2,/home/azureuser/capstone/embeddings/7e322537-5d67-4c8e-82aa-10493b46be99.pt,923,1780205
8002a71d-d76c-4db3-b23b-dd7a35f65e87,2,/home/azureuser/capstone/embeddings/8002a71d-d76c-4db3-b23b-dd7a35f65e87.pt,923,1783002
beb26755-35b1-461c-a73e-39548a57ea6f,2,/home/azureuser/capstone/embeddings/beb26755-35b1-461c-a73e-39548a57ea6f.pt,923,1783665
00b97144-1e0d-4bcd-8ca7-1340e12ac3d8,39,/home/azureuser/capstone/embeddings/00b97144-1e0d-4bcd-8ca7-1340e12ac3d8.pt,960,79438
d284b1a8-9534-4388-bc3c-d7cb9fe516b1,2,/home/azureuser/capstone/embeddings/d284b1a8-9534-4388-bc3c-d7cb9fe516b1.pt,1006,1343794
107f084c-8bd8-4549-abdb-559b492e2251,2,/home/azureuser/capstone/embeddings/107f084c-8bd8-4549-abdb-559b492e2251.pt,1006,1352239
5ae2b5ce-d1f1-4aee-bdb9-3b5a9f8268c8,2,/home/azureuser/capstone/embeddings/5ae2b5ce-d1f1-4aee-bdb9-3b5a9f8268c8.pt,1006,1778392
301c8d44-b5a0-40ee-a5be-0672029f11db,2,/home/azureuser/capstone/embeddings/301c8d44-b5a0-40ee-a5be-0672029f11db.pt,1053,139638
7a715547-9366-4384-9aae-a9e792d01a58,2,/home/azureuser/capstone/embeddings/7a715547-9366-4384-9aae-a9e792d01a58.pt,1144,346389
022cd53e-fbbd-4dd2-afda-f7f0390233fc,2,/home/azureuser/capstone/embeddings/022cd53e-fbbd-4dd2-afda-f7f0390233fc.pt,1144,350631
b4d95c39-b870-4f96-ab43-8a4d0926fee8,2,/home/azureuser/capstone/embeddings/b4d95c39-b870-4f96-ab43-8a4d0926fee8.pt,1144,2036232
d1ea057a-cea9-4f53-96d2-ae46050ddde5,39,/home/azureuser/capstone/embeddings/d1ea057a-cea9-4f53-96d2-ae46050ddde5.pt,1145,95195
da047b78-b430-43ad-b516-3f09fca8da41,39,/home/azureuser/capstone/embeddings/da047b78-b430-43ad-b516-3f09fca8da41.pt,1145,96453
d7bd24a6-c911-4f10-9a9c-6cb5fa769cda,39,/home/azureuser/capstone/embeddings/d7bd24a6-c911-4f10-9a9c-6cb5fa769cda.pt,1145,96691
d6ce0440-7cc0-4915-8b32-3d097c2530e0,39,/home/azureuser/capstone/embeddings/d6ce0440-7cc0-4915-8b32-3d097c2530e0.pt,1145,96924
1fb55c99-b9f6-443a-a15a-9aa6d2df4635,39,/home/azureuser/capstone/embeddings/1fb55c99-b9f6-443a-a15a-9aa6d2df4635.pt,1145,97115
b50d7a9c-bd72-415b-a8dd-bf73642bf05b,39,/home/azureuser/capstone/embeddings/b50d7a9c-bd72-415b-a8dd-bf73642bf05b.pt,1145,1483978
fc212eba-20b4-48bf-8ed4-13e601386131,39,/home/azureuser/capstone/embeddings/fc212eba-20b4-48bf-8ed4-13e601386131.pt,1145,2095335
95f3ad61-2a24-490a-910f-1f9e944ceb35,39,/home/azureuser/capstone/embeddings/95f3ad61-2a24-490a-910f-1f9e944ceb35.pt,1145,2096496
d816ca35-6c2d-4186-b137-9f7863cfe290,39,/home/azureuser/capstone/embeddings/d816ca35-6c2d-4186-b137-9f7863cfe290.pt,1145,2096781
81aaba41-3564-436a-bffd-82a85021e287,39,/home/azureuser/capstone/embeddings/81aaba41-3564-436a-bffd-82a85021e287.pt,1145,2096976
644a70b3-0611-40e4-944b-8b03561971e8,39,/home/azureuser/capstone/embeddings/644a70b3-0611-40e4-944b-8b03561971e8.pt,1145,2097066
f0cbe433-8afb-4032-bd6b-19b6fd8e59dc,39,/home/azureuser/capstone/embeddings/f0cbe433-8afb-4032-bd6b-19b6fd8e59dc.pt,1145,2097124
76fdfbd8-8692-433a-9c3c-b2d76c1f1988,39,/home/azureuser/capstone/embeddings/76fdfbd8-8692-433a-9c3c-b2d76c1f1988.pt,1145,2097154
99ab1c26-2c1d-4e64-8b74-68867f326cf3,39,/home/azureuser/capstone/embeddings/99ab1c26-2c1d-4e64-8b74-68867f326cf3.pt,1145,904400001145
453f776f-da3b-4716-9e11-4240825a6bd8,39,/home/azureuser/capstone/embeddings/453f776f-da3b-4716-9e11-4240825a6bd8.pt,1153,82183
a289417e-6627-443b-8590-0bc52ddc4e01,39,/home/azureuser/capstone/embeddings/a289417e-6627-443b-8590-0bc52ddc4e01.pt,1153,84916
9398e800-e7eb-49d3-be23-fea8b18f309c,39,/home/azureuser/capstone/embeddings/9398e800-e7eb-49d3-be23-fea8b18f309c.pt,1153,1866975
53dd7549-3205-4e1d-9fe3-4ade5edc9f37,2,/home/azureuser/capstone/embeddings/53dd7549-3205-4e1d-9fe3-4ade5edc9f37.pt,1171,1770590
3ceb4976-1211-4667-b137-05a2b82fb40d,39,/home/azureuser/capstone/embeddings/3ceb4976-1211-4667-b137-05a2b82fb40d.pt,1264,93099
4a7da286-03ff-41cc-90f0-8c6633c3fa62,39,/home/azureuser/capstone/embeddings/4a7da286-03ff-41cc-90f0-8c6633c3fa62.pt,1264,370455
834e963f-34b7-4144-aa46-d7856b159e5d,39,/home/azureuser/capstone/embeddings/834e963f-34b7-4144-aa46-d7856b159e5d.pt,1264,1868905
6a9340d2-6d3e-49c7-989d-77c0cee6149a,39,/home/azureuser/capstone/embeddings/6a9340d2-6d3e-49c7-989d-77c0cee6149a.pt,1270,1485468
b5e896e4-cbbd-47a7-b472-2fca813f3566,39,/home/azureuser/capstone/embeddings/b5e896e4-cbbd-47a7-b472-2fca813f3566.pt,1270,1485596
b5c25122-ab82-4f64-94db-c616c33e617b,39,/home/azureuser/capstone/embeddings/b5c25122-ab82-4f64-94db-c616c33e617b.pt,1271,93629
d7a792e7-db08-4651-8328-80ae76147252,2,/home/azureuser/capstone/embeddings/d7a792e7-db08-4651-8328-80ae76147252.pt,1311,131870
122d2dbc-8f23-41b9-b914-38a27c23971c,2,/home/azureuser/capstone/embeddings/122d2dbc-8f23-41b9-b914-38a27c23971c.pt,1315,242919
7258d29d-686b-4b0f-9fc3-1afba64745a7,2,/home/azureuser/capstone/embeddings/7258d29d-686b-4b0f-9fc3-1afba64745a7.pt,1366,1340811
70728119-07f7-444c-8450-3010f545dfbd,2,/home/azureuser/capstone/embeddings/70728119-07f7-444c-8450-3010f545dfbd.pt,1366,1778059
25b82732-224b-404e-966b-796de94e77c1,2,/home/azureuser/capstone/embeddings/25b82732-224b-404e-966b-796de94e77c1.pt,1366,1781158
be9794c9-02d8-4f1b-a3d0-3aa8b76007f6,2,/home/azureuser/capstone/embeddings/be9794c9-02d8-4f1b-a3d0-3aa8b76007f6.pt,1366,1784585
309603ce-1416-4b5f-89eb-7075d0973b0a,2,/home/azureuser/capstone/embeddings/309603ce-1416-4b5f-89eb-7075d0973b0a.pt,1366,1786946
cafacdc9-8f34-4ead-b3cc-816aaec7275e,39,/home/azureuser/capstone/embeddings/cafacdc9-8f34-4ead-b3cc-816aaec7275e.pt,1366,1787511
58166de3-0a48-4f34-8071-2f16c35e077c,2,/home/azureuser/capstone/embeddings/58166de3-0a48-4f34-8071-2f16c35e077c.pt,1366,1788482
40840043-ecc3-4004-a5c9-02985a643b50,2,/home/azureuser/capstone/embeddings/40840043-ecc3-4004-a5c9-02985a643b50.pt,1366,1788959
38cb13f8-650f-4012-82e6-c283e2dcf1b7,2,/home/azureuser/capstone/embeddings/38cb13f8-650f-4012-82e6-c283e2dcf1b7.pt,1366,1789189
90fd4523-a7f4-4fcf-8102-d539e6243c09,2,/home/azureuser/capstone/embeddings/90fd4523-a7f4-4fcf-8102-d539e6243c09.pt,1366,1789513
18af0de3-bc1b-45e8-80b1-53f7302d4e65,2,/home/azureuser/capstone/embeddings/18af0de3-bc1b-45e8-80b1-53f7302d4e65.pt,1366,1789529
bf2965ba-103a-4e4f-81db-d6adf2404317,2,/home/azureuser/capstone/embeddings/bf2965ba-103a-4e4f-81db-d6adf2404317.pt,1366,1789542
af06dde8-7084-44d4-8157-70602c319582,2,/home/azureuser/capstone/embeddings/af06dde8-7084-44d4-8157-70602c319582.pt,1366,2044599
2b94688d-cfaf-4cfa-9b08-2eef559dbb16,2,/home/azureuser/capstone/embeddings/2b94688d-cfaf-4cfa-9b08-2eef559dbb16.pt,1366,900300001366
366cd5e4-ce89-4958-aa5f-451c9a9ea8ba,2,/home/azureuser/capstone/embeddings/366cd5e4-ce89-4958-aa5f-451c9a9ea8ba.pt,1374,2047066
311400cb-8dae-4ab8-844c-9d11d8868325,39,/home/azureuser/capstone/embeddings/311400cb-8dae-4ab8-844c-9d11d8868325.pt,1403,79951
74ccf140-2dc4-4b98-9ee2-34bffbf26241,2,/home/azureuser/capstone/embeddings/74ccf140-2dc4-4b98-9ee2-34bffbf26241.pt,1408,135035
a9e33fcd-ed52-4151-9630-6c517f716b2f,2,/home/azureuser/capstone/embeddings/a9e33fcd-ed52-4151-9630-6c517f716b2f.pt,1408,143537
50b50634-2007-4b74-bab8-caa14e51fa8a,2,/home/azureuser/capstone/embeddings/50b50634-2007-4b74-bab8-caa14e51fa8a.pt,1408,144792
595fa184-fc8e-40f9-8a86-511f0ca4c614,2,/home/azureuser/capstone/embeddings/595fa184-fc8e-40f9-8a86-511f0ca4c614.pt,1408,146548
9311aa4b-3e77-4aea-9730-77bff5ac877f,2,/home/azureuser/capstone/embeddings/9311aa4b-3e77-4aea-9730-77bff5ac877f.pt,1408,147723
1619aafe-bf6a-4ea3-a69f-2ce5817e365f,2,/home/azureuser/capstone/embeddings/1619aafe-bf6a-4ea3-a69f-2ce5817e365f.pt,1408,147774
466e03d8-b9ff-456c-970c-74b681dc9abe,2,/home/azureuser/capstone/embeddings/466e03d8-b9ff-456c-970c-74b681dc9abe.pt,1408,147845
6725f90e-4bf0-4460-b1ba-cb252b8bac32,2,/home/azureuser/capstone/embeddings/6725f90e-4bf0-4460-b1ba-cb252b8bac32.pt,1408,1779735
0a865951-c2f6-47be-a31e-a9ca2225119d,2,/home/azureuser/capstone/embeddings/0a865951-c2f6-47be-a31e-a9ca2225119d.pt,1408,1786231
7e15e9ae-395f-4afb-b356-5ac47d6938e8,2,/home/azureuser/capstone/embeddings/7e15e9ae-395f-4afb-b356-5ac47d6938e8.pt,1408,1787739
6f5c11ad-ec5e-4d4c-ab0e-4c3eb7f55a21,2,/home/azureuser/capstone/embeddings/6f5c11ad-ec5e-4d4c-ab0e-4c3eb7f55a21.pt,1408,2046000
f142ee38-86ed-4040-85cb-68b12f07e795,2,/home/azureuser/capstone/embeddings/f142ee38-86ed-4040-85cb-68b12f07e795.pt,1408,900300001408
de13779a-1947-449d-9c46-007633fade2f,39,/home/azureuser/capstone/embeddings/de13779a-1947-449d-9c46-007633fade2f.pt,1431,96632
fa4e92a8-aea6-4d0b-b3a1-b3d71258a15e,39,/home/azureuser/capstone/embeddings/fa4e92a8-aea6-4d0b-b3a1-b3d71258a15e.pt,1431,97091
cbd98736-aac5-4e9f-ba68-9555c99a71ee,39,/home/azureuser/capstone/embeddings/cbd98736-aac5-4e9f-ba68-9555c99a71ee.pt,1431,97167
d2e21218-c6f5-496c-b6a4-11cf051397d5,39,/home/azureuser/capstone/embeddings/d2e21218-c6f5-496c-b6a4-11cf051397d5.pt,1431,97259
7b6ee263-c328-4978-b78d-2eb362b9c2a1,39,/home/azureuser/capstone/embeddings/7b6ee263-c328-4978-b78d-2eb362b9c2a1.pt,1431,97502
16f16ba5-ea6c-4516-a6ff-021d98c07947,39,/home/azureuser/capstone/embeddings/16f16ba5-ea6c-4516-a6ff-021d98c07947.pt,1431,1487610
d3423cd5-43a1-41a1-8242-37cfe1ea2954,39,/home/azureuser/capstone/embeddings/d3423cd5-43a1-41a1-8242-37cfe1ea2954.pt,1455,93605
ccfe784f-307f-4fca-8c98-67ce107ea807,2,/home/azureuser/capstone/embeddings/ccfe784f-307f-4fca-8c98-67ce107ea807.pt,1518,356423
60f9e1a4-e0e5-428b-ac3f-0b253226ff07,2,/home/azureuser/capstone/embeddings/60f9e1a4-e0e5-428b-ac3f-0b253226ff07.pt,1518,363085
2d737f7f-6178-4ad1-8ac0-62b70479d7f6,2,/home/azureuser/capstone/embeddings/2d737f7f-6178-4ad1-8ac0-62b70479d7f6.pt,1523,1771728
6fd385c3-b4a5-4135-9db2-6ee8765e632b,39,/home/azureuser/capstone/embeddings/6fd385c3-b4a5-4135-9db2-6ee8765e632b.pt,1526,85601
80306849-8b1e-4c9c-b30a-c13c2248b382,2,/home/azureuser/capstone/embeddings/80306849-8b1e-4c9c-b30a-c13c2248b382.pt,1526,1868202
6f64671a-938a-4b5a-a5b3-b967f15b326c,39,/home/azureuser/capstone/embeddings/6f64671a-938a-4b5a-a5b3-b967f15b326c.pt,1536,1491240
4dcf4988-3d26-444c-a6a1-5365a39b35f4,2,/home/azureuser/capstone/embeddings/4dcf4988-3d26-444c-a6a1-5365a39b35f4.pt,1586,1191532
62d83a59-b0d1-4c28-909f-82d616998b99,2,/home/azureuser/capstone/embeddings/62d83a59-b0d1-4c28-909f-82d616998b99.pt,1586,1772831
4c2c2ee8-6c12-48fb-b834-878327cb9451,2,/home/azureuser/capstone/embeddings/4c2c2ee8-6c12-48fb-b834-878327cb9451.pt,1709,1778248
92302ec9-fe0f-4d71-888d-58107abfd2c3,2,/home/azureuser/capstone/embeddings/92302ec9-fe0f-4d71-888d-58107abfd2c3.pt,1720,133268
0fc8adc3-e5ab-4f28-aa7e-74d42bf5f6c2,2,/home/azureuser/capstone/embeddings/0fc8adc3-e5ab-4f28-aa7e-74d42bf5f6c2.pt,1720,134986
79cdb0b0-c890-49f5-be0f-9ceee4336da0,2,/home/azureuser/capstone/embeddings/79cdb0b0-c890-49f5-be0f-9ceee4336da0.pt,1720,136999
651e6cf4-9dee-4736-ab5a-adeb1b21c744,39,/home/azureuser/capstone/embeddings/651e6cf4-9dee-4736-ab5a-adeb1b21c744.pt,1720,142289
15e21ac6-0e18-4ee6-afdb-6e60f59fdc30,2,/home/azureuser/capstone/embeddings/15e21ac6-0e18-4ee6-afdb-6e60f59fdc30.pt,1720,1340389
532d6e63-e139-4835-83d2-7e64a48bb481,2,/home/azureuser/capstone/embeddings/532d6e63-e139-4835-83d2-7e64a48bb481.pt,1720,1351602
2172ec81-69e1-4251-bc5d-7537386d8c7e,39,/home/azureuser/capstone/embeddings/2172ec81-69e1-4251-bc5d-7537386d8c7e.pt,1756,87229
b8496901-9abf-4649-9ff0-bb9fdec01327,39,/home/azureuser/capstone/embeddings/b8496901-9abf-4649-9ff0-bb9fdec01327.pt,1756,88448
0ef15748-9995-4681-a901-e65180d4e417,39,/home/azureuser/capstone/embeddings/0ef15748-9995-4681-a901-e65180d4e417.pt,1756,90761
ad3b8b1b-7866-430e-83d3-ecb447bfdc55,39,/home/azureuser/capstone/embeddings/ad3b8b1b-7866-430e-83d3-ecb447bfdc55.pt,1756,1483654
f007e3ae-d5a4-4291-a245-0e9a49663ed9,39,/home/azureuser/capstone/embeddings/f007e3ae-d5a4-4291-a245-0e9a49663ed9.pt,1756,1486096
135b2ef9-3b1a-46d4-bc52-608240a40557,39,/home/azureuser/capstone/embeddings/135b2ef9-3b1a-46d4-bc52-608240a40557.pt,1756,1487275
81a9245f-3499-4e56-9175-41296f696c25,39,/home/azureuser/capstone/embeddings/81a9245f-3499-4e56-9175-41296f696c25.pt,1756,1865097
50ca1e61-9364-4096-9008-311249be52d6,39,/home/azureuser/capstone/embeddings/50ca1e61-9364-4096-9008-311249be52d6.pt,1757,1492730
5867c35b-bf7f-4568-8694-2ba35852408c,39,/home/azureuser/capstone/embeddings/5867c35b-bf7f-4568-8694-2ba35852408c.pt,1757,1492996
78f5b9b4-a9d1-4cf5-a7ed-edb845f5b5fe,39,/home/azureuser/capstone/embeddings/78f5b9b4-a9d1-4cf5-a7ed-edb845f5b5fe.pt,1757,1493475
65dbf389-d1e6-413a-994f-bc40a43f5625,39,/home/azureuser/capstone/embeddings/65dbf389-d1e6-413a-994f-bc40a43f5625.pt,1757,1493761
08237069-2df8-4299-9b96-9f92cd1b8a1d,39,/home/azureuser/capstone/embeddings/08237069-2df8-4299-9b96-9f92cd1b8a1d.pt,1757,1493930
d8ffe0c1-9f99-46b2-9737-9bbd6db5c3a0,39,/home/azureuser/capstone/embeddings/d8ffe0c1-9f99-46b2-9737-9bbd6db5c3a0.pt,1757,1494905
e550c9fa-afae-4941-9ae1-db9afb068eff,39,/home/azureuser/capstone/embeddings/e550c9fa-afae-4941-9ae1-db9afb068eff.pt,1757,1495323
8f73710e-6184-4cc1-a05a-486643c21b05,39,/home/azureuser/capstone/embeddings/8f73710e-6184-4cc1-a05a-486643c21b05.pt,1757,1866768
57e97bfe-78d3-4bef-99e7-85a85a436ad2,39,/home/azureuser/capstone/embeddings/57e97bfe-78d3-4bef-99e7-85a85a436ad2.pt,1757,1867244
ccbceb05-5108-4b18-b382-21c984d1f2de,39,/home/azureuser/capstone/embeddings/ccbceb05-5108-4b18-b382-21c984d1f2de.pt,1757,1868320
d7a43e39-ed26-4135-80fe-a59c8d0ca907,2,/home/azureuser/capstone/embeddings/d7a43e39-ed26-4135-80fe-a59c8d0ca907.pt,1799,2170749
2ee9f2f8-71e1-4130-aa1c-eac56614ce9d,39,/home/azureuser/capstone/embeddings/2ee9f2f8-71e1-4130-aa1c-eac56614ce9d.pt,1822,90736
da7dba07-e2d7-4d0c-a278-80e9ea4c08c2,39,/home/azureuser/capstone/embeddings/da7dba07-e2d7-4d0c-a278-80e9ea4c08c2.pt,1822,94069
a8e6d732-7ebb-4bcf-8360-7089d7196e2b,39,/home/azureuser/capstone/embeddings/a8e6d732-7ebb-4bcf-8360-7089d7196e2b.pt,1822,95550
c17da9e2-5f08-4ff6-b229-e539251a9a34,39,/home/azureuser/capstone/embeddings/c17da9e2-5f08-4ff6-b229-e539251a9a34.pt,1822,2093964
90f56a78-5b90-43c3-8d40-93cda04acbd8,2,/home/azureuser/capstone/embeddings/90f56a78-5b90-43c3-8d40-93cda04acbd8.pt,1915,133759
ee517bfb-5f42-4942-8c34-c21b47e5a29b,2,/home/azureuser/capstone/embeddings/ee517bfb-5f42-4942-8c34-c21b47e5a29b.pt,1915,136833
46b97f4a-e1b5-427d-bf1f-fd81478fc236,2,/home/azureuser/capstone/embeddings/46b97f4a-e1b5-427d-bf1f-fd81478fc236.pt,1915,1345562
aacacfc2-103b-478c-8fc1-802e97a6f7a5,2,/home/azureuser/capstone/embeddings/aacacfc2-103b-478c-8fc1-802e97a6f7a5.pt,1915,1346680
3164d134-d242-4f06-a7ef-69f8abd680e6,2,/home/azureuser/capstone/embeddings/3164d134-d242-4f06-a7ef-69f8abd680e6.pt,1924,348355
9a9d5444-e454-49a8-b9b9-b8ad25067281,2,/home/azureuser/capstone/embeddings/9a9d5444-e454-49a8-b9b9-b8ad25067281.pt,1924,354122
6182f406-d6b6-47b9-8e37-33b0a2b7afc4,2,/home/azureuser/capstone/embeddings/6182f406-d6b6-47b9-8e37-33b0a2b7afc4.pt,1924,360369
2f014582-c1d1-464e-875a-92b45e3ac0df,2,/home/azureuser/capstone/embeddings/2f014582-c1d1-464e-875a-92b45e3ac0df.pt,1924,1193630
bd58b833-2651-475a-b914-ad60904b1076,2,/home/azureuser/capstone/embeddings/bd58b833-2651-475a-b914-ad60904b1076.pt,1924,1341678
70cb526a-010f-46ee-a579-6147edd417da,2,/home/azureuser/capstone/embeddings/70cb526a-010f-46ee-a579-6147edd417da.pt,1924,1346751
833ee50a-dff4-4bd2-8f00-b532225dc5b1,2,/home/azureuser/capstone/embeddings/833ee50a-dff4-4bd2-8f00-b532225dc5b1.pt,1924,2208814
44758ad2-5a80-4054-832c-505718e1c34e,2,/home/azureuser/capstone/embeddings/44758ad2-5a80-4054-832c-505718e1c34e.pt,1924,2208847
637f0ea2-4de3-4019-8853-484dbc28e2df,39,/home/azureuser/capstone/embeddings/637f0ea2-4de3-4019-8853-484dbc28e2df.pt,1926,85003
03dfbef8-e0ae-4b5a-b661-cd2cb63993cc,39,/home/azureuser/capstone/embeddings/03dfbef8-e0ae-4b5a-b661-cd2cb63993cc.pt,1926,88068
7ad74d7b-a004-431e-8cae-1b36b0eb2c7c,39,/home/azureuser/capstone/embeddings/7ad74d7b-a004-431e-8cae-1b36b0eb2c7c.pt,1926,88837
f98799fd-bd3e-4ee1-8286-4d4f8e9f528e,2,/home/azureuser/capstone/embeddings/f98799fd-bd3e-4ee1-8286-4d4f8e9f528e.pt,1926,92143
5f44a40f-80fb-475f-9998-d51ddb2222b0,39,/home/azureuser/capstone/embeddings/5f44a40f-80fb-475f-9998-d51ddb2222b0.pt,1926,95446
5acf0aa5-68d0-487e-a2e1-10a56e93ab20,39,/home/azureuser/capstone/embeddings/5acf0aa5-68d0-487e-a2e1-10a56e93ab20.pt,1926,95961
eda413d9-bfb1-48f8-abe5-53392472b4ff,2,/home/azureuser/capstone/embeddings/eda413d9-bfb1-48f8-abe5-53392472b4ff.pt,1926,1868385
7ce79c0a-2abc-4a58-a4e4-dd8b4c731c50,39,/home/azureuser/capstone/embeddings/7ce79c0a-2abc-4a58-a4e4-dd8b4c731c50.pt,1926,1871350
4701d334-9f6a-42b1-a42d-9111d9c4f038,2,/home/azureuser/capstone/embeddings/4701d334-9f6a-42b1-a42d-9111d9c4f038.pt,1955,348395
8cd1f458-8c0c-4c8c-936c-8b2bd38b20d6,2,/home/azureuser/capstone/embeddings/8cd1f458-8c0c-4c8c-936c-8b2bd38b20d6.pt,1955,2037585
16b4dd5b-e103-45a4-8842-5f892bc8df45,39,/home/azureuser/capstone/embeddings/16b4dd5b-e103-45a4-8842-5f892bc8df45.pt,1994,80798
4468836e-7d63-49a1-9f5b-d8d39b82b6e1,39,/home/azureuser/capstone/embeddings/4468836e-7d63-49a1-9f5b-d8d39b82b6e1.pt,1994,88752
85333a29-6707-42b1-97f2-8998c6b30274,2,/home/azureuser/capstone/embeddings/85333a29-6707-42b1-97f2-8998c6b30274.pt,1994,370656
91f3daf1-16aa-46de-a4fa-5bf172998999,2,/home/azureuser/capstone/embeddings/91f3daf1-16aa-46de-a4fa-5bf172998999.pt,2014,1771781
0b1c81ec-78bf-4d69-8fd0-06d65030ba94,2,/home/azureuser/capstone/embeddings/0b1c81ec-78bf-4d69-8fd0-06d65030ba94.pt,2083,80107
6418fac7-95ce-47d5-bf1e-677765d45310,39,/home/azureuser/capstone/embeddings/6418fac7-95ce-47d5-bf1e-677765d45310.pt,2083,87984
c3b2f164-70e9-45ef-bcf5-7b1bbe023720,2,/home/azureuser/capstone/embeddings/c3b2f164-70e9-45ef-bcf5-7b1bbe023720.pt,2083,92317
a42c0c0f-0abe-428e-b93f-99684059c12f,2,/home/azureuser/capstone/embeddings/a42c0c0f-0abe-428e-b93f-99684059c12f.pt,2083,95502
0574b146-5c48-4321-b40b-5b9937ff8a25,2,/home/azureuser/capstone/embeddings/0574b146-5c48-4321-b40b-5b9937ff8a25.pt,2083,97003
23755fed-6990-4a41-8bd1-37626bc40f30,39,/home/azureuser/capstone/embeddings/23755fed-6990-4a41-8bd1-37626bc40f30.pt,2083,97553
04cebe74-452b-4bc7-814a-a0a49625afb0,2,/home/azureuser/capstone/embeddings/04cebe74-452b-4bc7-814a-a0a49625afb0.pt,2089,357807
768ac7e5-fb50-4e05-885f-58fbfb5d91df,2,/home/azureuser/capstone/embeddings/768ac7e5-fb50-4e05-885f-58fbfb5d91df.pt,2089,1785455
b1b70d9e-1d0a-4841-86e6-e7f423f97781,2,/home/azureuser/capstone/embeddings/b1b70d9e-1d0a-4841-86e6-e7f423f97781.pt,2142,136972
fd86aebd-976b-4479-8865-5acb1e44425c,2,/home/azureuser/capstone/embeddings/fd86aebd-976b-4479-8865-5acb1e44425c.pt,2154,345474
5cc9d2ec-f93b-48ff-8e19-4aa7cbea5c47,2,/home/azureuser/capstone/embeddings/5cc9d2ec-f93b-48ff-8e19-4aa7cbea5c47.pt,2154,1355978
73e7d2bf-ab0f-4bf9-9fbb-2f71f47377df,2,/home/azureuser/capstone/embeddings/73e7d2bf-ab0f-4bf9-9fbb-2f71f47377df.pt,2154,1778965
f27d592e-6c73-4d49-97cb-fad929c85c08,2,/home/azureuser/capstone/embeddings/f27d592e-6c73-4d49-97cb-fad929c85c08.pt,2154,2038286
788c6479-c812-4c19-a63c-b8a5d8bf4b4d,2,/home/azureuser/capstone/embeddings/788c6479-c812-4c19-a63c-b8a5d8bf4b4d.pt,2154,2039385
6c84a5b2-6779-45b0-8b1a-8f7c4f3539de,2,/home/azureuser/capstone/embeddings/6c84a5b2-6779-45b0-8b1a-8f7c4f3539de.pt,2209,2040949
ae7de02b-e743-4749-bd9e-7161055aa353,39,/home/azureuser/capstone/embeddings/ae7de02b-e743-4749-bd9e-7161055aa353.pt,2217,85650
d93a3256-79d2-4603-b5ca-deb143435ca2,39,/home/azureuser/capstone/embeddings/d93a3256-79d2-4603-b5ca-deb143435ca2.pt,2217,91763
8b96ea1f-25c6-4682-b75e-7d1e98e94a0f,39,/home/azureuser/capstone/embeddings/8b96ea1f-25c6-4682-b75e-7d1e98e94a0f.pt,2217,94064
cb74ef8b-8801-4aa5-a18d-d64aed4d7f48,2,/home/azureuser/capstone/embeddings/cb74ef8b-8801-4aa5-a18d-d64aed4d7f48.pt,2281,355568
e878a2ff-a4b9-4b3f-85ed-1b5bf5249465,2,/home/azureuser/capstone/embeddings/e878a2ff-a4b9-4b3f-85ed-1b5bf5249465.pt,2281,356189
840dda4b-dbc7-42e6-b04f-76c93b2b2e1a,2,/home/azureuser/capstone/embeddings/840dda4b-dbc7-42e6-b04f-76c93b2b2e1a.pt,2281,1772721
660bd28a-e9da-4f09-93a4-2ecc753243f0,2,/home/azureuser/capstone/embeddings/660bd28a-e9da-4f09-93a4-2ecc753243f0.pt,2281,1776200
a6f6c66b-a673-45b2-a8cd-f91ba902a9c5,2,/home/azureuser/capstone/embeddings/a6f6c66b-a673-45b2-a8cd-f91ba902a9c5.pt,2281,1776409
7a36c7d1-6790-4ab3-9b88-fb9b284884eb,2,/home/azureuser/capstone/embeddings/7a36c7d1-6790-4ab3-9b88-fb9b284884eb.pt,2281,1784986
6ef7f44d-ea8c-4c22-82d7-c6832222dcc9,2,/home/azureuser/capstone/embeddings/6ef7f44d-ea8c-4c22-82d7-c6832222dcc9.pt,2281,1787159
b8031952-7da1-41a7-8456-5dc4f576925f,2,/home/azureuser/capstone/embeddings/b8031952-7da1-41a7-8456-5dc4f576925f.pt,2281,1787755
7abd008d-232e-4ea5-a35b-9bef83013875,2,/home/azureuser/capstone/embeddings/7abd008d-232e-4ea5-a35b-9bef83013875.pt,2281,2039441
f6d1f5bf-59f0-4a18-95b6-95c329d3d871,2,/home/azureuser/capstone/embeddings/f6d1f5bf-59f0-4a18-95b6-95c329d3d871.pt,2281,2040986
d92e6038-d9f3-4945-b16e-b14930b3bc99,2,/home/azureuser/capstone/embeddings/d92e6038-d9f3-4945-b16e-b14930b3bc99.pt,2281,2045472
0c58b531-b5b5-4c73-b433-0f6ff22acf4f,2,/home/azureuser/capstone/embeddings/0c58b531-b5b5-4c73-b433-0f6ff22acf4f.pt,2281,2170510
0b9f6806-1be0-45d9-ad3c-498b021701e7,39,/home/azureuser/capstone/embeddings/0b9f6806-1be0-45d9-ad3c-498b021701e7.pt,2284,84591
b5faaa43-528d-445f-baa0-4a8bb2738655,39,/home/azureuser/capstone/embeddings/b5faaa43-528d-445f-baa0-4a8bb2738655.pt,2284,370636
a4548349-df5e-4178-a28d-c014ac15be0c,39,/home/azureuser/capstone/embeddings/a4548349-df5e-4178-a28d-c014ac15be0c.pt,2296,88948
73439f6e-37ad-4e5f-9ac7-bb1e902ea325,2,/home/azureuser/capstone/embeddings/73439f6e-37ad-4e5f-9ac7-bb1e902ea325.pt,2309,344917
5652a28e-ba34-4f96-bcd3-f3adef993100,2,/home/azureuser/capstone/embeddings/5652a28e-ba34-4f96-bcd3-f3adef993100.pt,2309,362677
a0c399a4-a464-4943-badf-9a92c0ed4ec0,39,/home/azureuser/capstone/embeddings/a0c399a4-a464-4943-badf-9a92c0ed4ec0.pt,2389,1487155
a450c458-4f0a-4e83-b7e7-6e3d101fbc97,2,/home/azureuser/capstone/embeddings/a450c458-4f0a-4e83-b7e7-6e3d101fbc97.pt,2459,2036245
c8c815ba-aa81-4dd6-afb5-d69019762627,2,/home/azureuser/capstone/embeddings/c8c815ba-aa81-4dd6-afb5-d69019762627.pt,2459,2040895
c40de501-4d4d-45c8-8469-ea5181a580f7,39,/home/azureuser/capstone/embeddings/c40de501-4d4d-45c8-8469-ea5181a580f7.pt,2466,83603
b4439555-d570-4695-8d5c-7fc9da51d24c,39,/home/azureuser/capstone/embeddings/b4439555-d570-4695-8d5c-7fc9da51d24c.pt,2466,84483
b4525c11-4215-436d-9335-286f713a86f3,39,/home/azureuser/capstone/embeddings/b4525c11-4215-436d-9335-286f713a86f3.pt,2471,85259
428cfd9d-b381-4f7a-9f16-7dd331701bce,2,/home/azureuser/capstone/embeddings/428cfd9d-b381-4f7a-9f16-7dd331701bce.pt,2529,355564
cff0ea03-c195-4e35-988f-738807ea2e79,39,/home/azureuser/capstone/embeddings/cff0ea03-c195-4e35-988f-738807ea2e79.pt,2529,359583
0ddd586e-2231-4eae-8a44-1e71395af314,39,/home/azureuser/capstone/embeddings/0ddd586e-2231-4eae-8a44-1e71395af314.pt,2529,1770503
bd2bdd8f-962c-443b-994e-ecc0cf873805,39,/home/azureuser/capstone/embeddings/bd2bdd8f-962c-443b-994e-ecc0cf873805.pt,2529,1786772
ae06843e-388b-467d-b973-151ea5dd5911,39,/home/azureuser/capstone/embeddings/ae06843e-388b-467d-b973-151ea5dd5911.pt,2529,1787048
8893c92f-c9e3-4644-956a-91ea10532bb0,2,/home/azureuser/capstone/embeddings/8893c92f-c9e3-4644-956a-91ea10532bb0.pt,2640,136045
ba635480-58c6-46de-9152-927059c3578d,2,/home/azureuser/capstone/embeddings/ba635480-58c6-46de-9152-927059c3578d.pt,2644,139364
7d00f197-d895-4b21-9d6e-4d08e80e5bd1,2,/home/azureuser/capstone/embeddings/7d00f197-d895-4b21-9d6e-4d08e80e5bd1.pt,2687,138045
6e4aeae9-1834-47d5-a50b-9e098a18b9bd,2,/home/azureuser/capstone/embeddings/6e4aeae9-1834-47d5-a50b-9e098a18b9bd.pt,2687,140238
b3b07d54-caf7-46c6-a0e9-3c6f8ab0cc84,2,/home/azureuser/capstone/embeddings/b3b07d54-caf7-46c6-a0e9-3c6f8ab0cc84.pt,2687,140978
5b87588b-4655-4b3f-b3df-c0f2c228c0c7,2,/home/azureuser/capstone/embeddings/5b87588b-4655-4b3f-b3df-c0f2c228c0c7.pt,2687,141097
4c2a14de-6b47-476d-8692-f48b13fc2aed,2,/home/azureuser/capstone/embeddings/4c2a14de-6b47-476d-8692-f48b13fc2aed.pt,2687,1777738
b5217904-c139-46f6-b9a6-acc2d257dac4,2,/home/azureuser/capstone/embeddings/b5217904-c139-46f6-b9a6-acc2d257dac4.pt,2687,1782029
a7a741ab-b691-418c-b4b8-1f8abea989c8,2,/home/azureuser/capstone/embeddings/a7a741ab-b691-418c-b4b8-1f8abea989c8.pt,2687,1787728
d445ab22-c13a-47ae-b18c-8b69ce1cd69a,39,/home/azureuser/capstone/embeddings/d445ab22-c13a-47ae-b18c-8b69ce1cd69a.pt,2703,370245
12065d5e-9d03-434d-805a-4b68f74ef13c,39,/home/azureuser/capstone/embeddings/12065d5e-9d03-434d-805a-4b68f74ef13c.pt,2703,371136
32204644-99b0-464a-a661-f2193f25394c,39,/home/azureuser/capstone/embeddings/32204644-99b0-464a-a661-f2193f25394c.pt,2703,1491093
44ade128-2924-41ce-8830-253c1a13285d,39,/home/azureuser/capstone/embeddings/44ade128-2924-41ce-8830-253c1a13285d.pt,2703,1491886
765b4143-d14b-481e-97b8-97b958a520f7,39,/home/azureuser/capstone/embeddings/765b4143-d14b-481e-97b8-97b958a520f7.pt,2703,1491970
cad07f53-0690-4469-a063-d9f76d32c0cc,39,/home/azureuser/capstone/embeddings/cad07f53-0690-4469-a063-d9f76d32c0cc.pt,2703,1493920
e97adfdc-c5db-48cd-9ae5-c1e6fd1f5854,39,/home/azureuser/capstone/embeddings/e97adfdc-c5db-48cd-9ae5-c1e6fd1f5854.pt,2703,1494702
3a8ae13e-5fee-4534-9170-4a30f8d845f0,2,/home/azureuser/capstone/embeddings/3a8ae13e-5fee-4534-9170-4a30f8d845f0.pt,2703,1866946
24ffdc31-927a-4712-9fdf-90758c534c87,39,/home/azureuser/capstone/embeddings/24ffdc31-927a-4712-9fdf-90758c534c87.pt,2703,1871336
c46ee781-a5e8-4b4f-b1a5-78f4317c154b,2,/home/azureuser/capstone/embeddings/c46ee781-a5e8-4b4f-b1a5-78f4317c154b.pt,2752,288513
a1e80c9b-c7c3-4e01-9447-d195e35b42d3,2,/home/azureuser/capstone/embeddings/a1e80c9b-c7c3-4e01-9447-d195e35b42d3.pt,2754,136769
5da502ba-1f6c-4e0c-8724-8f7c14ae8b73,2,/home/azureuser/capstone/embeddings/5da502ba-1f6c-4e0c-8724-8f7c14ae8b73.pt,2774,1357312
4ad85b24-4121-4644-b652-ea6ba28f2bad,39,/home/azureuser/capstone/embeddings/4ad85b24-4121-4644-b652-ea6ba28f2bad.pt,2776,2095112
51d13020-96d9-4afb-b4ef-bc625fcab738,39,/home/azureuser/capstone/embeddings/51d13020-96d9-4afb-b4ef-bc625fcab738.pt,2776,2096246
ce96295e-6e6a-46e6-979d-9c65add409e7,2,/home/azureuser/capstone/embeddings/ce96295e-6e6a-46e6-979d-9c65add409e7.pt,2782,1191890
6a1bce51-a766-4329-a548-e2e4383b833b,2,/home/azureuser/capstone/embeddings/6a1bce51-a766-4329-a548-e2e4383b833b.pt,2782,1192356
97cd635b-5bde-4816-a72f-185934a388f5,2,/home/azureuser/capstone/embeddings/97cd635b-5bde-4816-a72f-185934a388f5.pt,2782,1192494
9eeed9e9-702e-4895-8bd3-6a2124ce36e3,2,/home/azureuser/capstone/embeddings/9eeed9e9-702e-4895-8bd3-6a2124ce36e3.pt,2782,1194174
fe980d0c-60f3-4a48-8a93-109e3891ac3f,2,/home/azureuser/capstone/embeddings/fe980d0c-60f3-4a48-8a93-109e3891ac3f.pt,2782,1194629
ddbabdbd-650c-4c92-ae26-bece60f01bf3,2,/home/azureuser/capstone/embeddings/ddbabdbd-650c-4c92-ae26-bece60f01bf3.pt,2782,1355314
aa554d41-3630-47f5-a69b-5a6bb2d96b20,2,/home/azureuser/capstone/embeddings/aa554d41-3630-47f5-a69b-5a6bb2d96b20.pt,2782,1772517
96619326-b847-4077-b71a-5029ebed5a37,2,/home/azureuser/capstone/embeddings/96619326-b847-4077-b71a-5029ebed5a37.pt,2782,1775946
7b2f6034-3f66-4620-8a94-1b0f0cb7b5ad,2,/home/azureuser/capstone/embeddings/7b2f6034-3f66-4620-8a94-1b0f0cb7b5ad.pt,2782,1779652
5d07b909-e962-431a-beb7-5fcc1d86f962,2,/home/azureuser/capstone/embeddings/5d07b909-e962-431a-beb7-5fcc1d86f962.pt,2782,1781331
03462c3f-864c-46b0-ba4a-18a92015adfc,2,/home/azureuser/capstone/embeddings/03462c3f-864c-46b0-ba4a-18a92015adfc.pt,2782,2039547
fd177f31-d625-4fc5-b1bf-9a3a06c47dc1,2,/home/azureuser/capstone/embeddings/fd177f31-d625-4fc5-b1bf-9a3a06c47dc1.pt,2822,1339977
33207139-6d18-4699-9bdd-64c1d56838e2,39,/home/azureuser/capstone/embeddings/33207139-6d18-4699-9bdd-64c1d56838e2.pt,2842,1865413
aa5ed6de-00e7-4c6d-b67d-8b35b2aef1fe,2,/home/azureuser/capstone/embeddings/aa5ed6de-00e7-4c6d-b67d-8b35b2aef1fe.pt,2860,1347659
f7e99403-bf22-4edf-8dd3-a339a4435a5c,2,/home/azureuser/capstone/embeddings/f7e99403-bf22-4edf-8dd3-a339a4435a5c.pt,2860,1351284
f72f2825-dfda-496b-836e-55e21edf608a,2,/home/azureuser/capstone/embeddings/f72f2825-dfda-496b-836e-55e21edf608a.pt,2860,1353095
f5116a03-1cfe-4166-a725-89e1f147bfef,39,/home/azureuser/capstone/embeddings/f5116a03-1cfe-4166-a725-89e1f147bfef.pt,2860,1353161
e29ed864-f779-4919-9af9-0cf208e09edc,39,/home/azureuser/capstone/embeddings/e29ed864-f779-4919-9af9-0cf208e09edc.pt,2860,1353251
89332361-6611-4e2e-a558-6b7e755b79ca,39,/home/azureuser/capstone/embeddings/89332361-6611-4e2e-a558-6b7e755b79ca.pt,2860,1356203
a095bbcb-97f8-4173-af0e-6c720d088833,2,/home/azureuser/capstone/embeddings/a095bbcb-97f8-4173-af0e-6c720d088833.pt,2860,1358382
9fec01b4-b49c-4a99-bc18-ee6a1c5bc954,2,/home/azureuser/capstone/embeddings/9fec01b4-b49c-4a99-bc18-ee6a1c5bc954.pt,2860,1358627
efdef2c3-15ee-4f6d-8d85-e5f9d6866a55,2,/home/azureuser/capstone/embeddings/efdef2c3-15ee-4f6d-8d85-e5f9d6866a55.pt,2860,1774309
46fd2f54-9f66-4817-8090-e0e7c5a41939,39,/home/azureuser/capstone/embeddings/46fd2f54-9f66-4817-8090-e0e7c5a41939.pt,2860,1785193
b8d50859-3a7b-4074-a9aa-ee027b7a8a5e,39,/home/azureuser/capstone/embeddings/b8d50859-3a7b-4074-a9aa-ee027b7a8a5e.pt,2860,1786826
f84c1091-ee5c-4514-9053-fdc10dd72a7b,2,/home/azureuser/capstone/embeddings/f84c1091-ee5c-4514-9053-fdc10dd72a7b.pt,2860,1787766
0164fc7a-6d27-4148-9ea4-2305fd1d8ca1,2,/home/azureuser/capstone/embeddings/0164fc7a-6d27-4148-9ea4-2305fd1d8ca1.pt,2860,2036129
5437d606-7ebd-4c1c-a2e9-49253419064c,2,/home/azureuser/capstone/embeddings/5437d606-7ebd-4c1c-a2e9-49253419064c.pt,2860,900300002860
7bb9c6ac-7d08-4882-865f-951bdf6a10ce,39,/home/azureuser/capstone/embeddings/7bb9c6ac-7d08-4882-865f-951bdf6a10ce.pt,2886,96730
8669bd59-2313-4c4b-a8a4-73140a40c54f,39,/home/azureuser/capstone/embeddings/8669bd59-2313-4c4b-a8a4-73140a40c54f.pt,2886,1868495
26532927-b2f2-463f-9d66-eeefd7eeefa1,2,/home/azureuser/capstone/embeddings/26532927-b2f2-463f-9d66-eeefd7eeefa1.pt,2890,347599
26a508e3-5d2c-4c14-a89e-3d1a0d342f2e,2,/home/azureuser/capstone/embeddings/26a508e3-5d2c-4c14-a89e-3d1a0d342f2e.pt,2890,350947
b69b9b10-d837-4329-b0c3-906fd06bce76,2,/home/azureuser/capstone/embeddings/b69b9b10-d837-4329-b0c3-906fd06bce76.pt,2890,359908
61e7be4e-15fc-4b3b-b050-9bc3abb61efd,2,/home/azureuser/capstone/embeddings/61e7be4e-15fc-4b3b-b050-9bc3abb61efd.pt,2890,1354978
fc7d3247-e285-4f2b-b3c1-29eb737118fb,2,/home/azureuser/capstone/embeddings/fc7d3247-e285-4f2b-b3c1-29eb737118fb.pt,2890,1355781
766aba3d-54e7-4654-963c-c569fdd8b60f,2,/home/azureuser/capstone/embeddings/766aba3d-54e7-4654-963c-c569fdd8b60f.pt,2890,1356384
cc6c5d8a-b1d0-46d6-a517-2e7bb83a3dbe,2,/home/azureuser/capstone/embeddings/cc6c5d8a-b1d0-46d6-a517-2e7bb83a3dbe.pt,2890,1357356
7a05aabf-6126-45be-962c-26d1ca6a8059,2,/home/azureuser/capstone/embeddings/7a05aabf-6126-45be-962c-26d1ca6a8059.pt,2890,2169291
b1440cf9-066a-460c-9489-741375b6a3fb,2,/home/azureuser/capstone/embeddings/b1440cf9-066a-460c-9489-741375b6a3fb.pt,2951,1193067
81e88977-f2f8-4693-be06-d7124991fd92,2,/home/azureuser/capstone/embeddings/81e88977-f2f8-4693-be06-d7124991fd92.pt,2951,1194173
7ad1dee3-255c-4f65-a44d-4472799adec6,2,/home/azureuser/capstone/embeddings/7ad1dee3-255c-4f65-a44d-4472799adec6.pt,2951,1349911
2c09ca3c-d36b-4c11-a195-da4e64e6124b,2,/home/azureuser/capstone/embeddings/2c09ca3c-d36b-4c11-a195-da4e64e6124b.pt,2951,1780265
928797d6-0bbf-4a3d-996f-7ba972f19620,2,/home/azureuser/capstone/embeddings/928797d6-0bbf-4a3d-996f-7ba972f19620.pt,2951,2042221
c7de15d3-ce83-48bd-a0e0-c91d6953e9ca,2,/home/azureuser/capstone/embeddings/c7de15d3-ce83-48bd-a0e0-c91d6953e9ca.pt,2951,2044619
5d7212ec-db6d-4766-a4da-e8273d4beb86,39,/home/azureuser/capstone/embeddings/5d7212ec-db6d-4766-a4da-e8273d4beb86.pt,2964,88841
451e93aa-c351-42ea-8c7f-117e97ad6503,39,/home/azureuser/capstone/embeddings/451e93aa-c351-42ea-8c7f-117e97ad6503.pt,2964,90386
0d7a0416-7ef0-4b0a-a54c-884ebc34d2d8,39,/home/azureuser/capstone/embeddings/0d7a0416-7ef0-4b0a-a54c-884ebc34d2d8.pt,2964,91245
23e11cd9-6ceb-45b8-b5fc-d288db7a67ce,39,/home/azureuser/capstone/embeddings/23e11cd9-6ceb-45b8-b5fc-d288db7a67ce.pt,2964,93133
98941eba-cceb-470c-84fa-d04bdbe8bfc2,2,/home/azureuser/capstone/embeddings/98941eba-cceb-470c-84fa-d04bdbe8bfc2.pt,2985,353249
4d661f76-6357-45e5-9c2d-202926ccb362,2,/home/azureuser/capstone/embeddings/4d661f76-6357-45e5-9c2d-202926ccb362.pt,2985,354719
7b5263f6-2d26-4f3a-b8ad-194454d23fe1,2,/home/azureuser/capstone/embeddings/7b5263f6-2d26-4f3a-b8ad-194454d23fe1.pt,2998,1347101
3e8ad515-d7cc-40fc-9bf1-f6d2d28eb172,2,/home/azureuser/capstone/embeddings/3e8ad515-d7cc-40fc-9bf1-f6d2d28eb172.pt,2998,1348975
c0662dbd-b805-47cd-afcb-cb475ac754bd,2,/home/azureuser/capstone/embeddings/c0662dbd-b805-47cd-afcb-cb475ac754bd.pt,2998,2039928
7be3eca7-b0e2-4ba6-b6af-d30e99a0f901,2,/home/azureuser/capstone/embeddings/7be3eca7-b0e2-4ba6-b6af-d30e99a0f901.pt,2998,2044830
344c3aa6-5a0a-4b81-965c-5425c1612976,2,/home/azureuser/capstone/embeddings/344c3aa6-5a0a-4b81-965c-5425c1612976.pt,2998,2045824
d8967f73-2f3f-4c7e-9341-5cdc29e420eb,2,/home/azureuser/capstone/embeddings/d8967f73-2f3f-4c7e-9341-5cdc29e420eb.pt,2998,2046698
57400475-8611-4358-a80c-38aaffdff6d8,2,/home/azureuser/capstone/embeddings/57400475-8611-4358-a80c-38aaffdff6d8.pt,2998,2046975
f7007a8d-212c-40d2-aefa-affa0d5ffc4a,2,/home/azureuser/capstone/embeddings/f7007a8d-212c-40d2-aefa-affa0d5ffc4a.pt,2998,2047019
cbacaf4e-e379-4507-a525-6a807fe23123,2,/home/azureuser/capstone/embeddings/cbacaf4e-e379-4507-a525-6a807fe23123.pt,2998,2047125
00ab7e3d-d7d7-492d-bd1a-1fd753711db2,2,/home/azureuser/capstone/embeddings/00ab7e3d-d7d7-492d-bd1a-1fd753711db2.pt,2998,2047194
7a9283d6-aeea-456a-aee0-9988cbcd17a5,2,/home/azureuser/capstone/embeddings/7a9283d6-aeea-456a-aee0-9988cbcd17a5.pt,2998,2047226
cc7d63d8-cb49-4b52-9797-be534e709e12,2,/home/azureuser/capstone/embeddings/cc7d63d8-cb49-4b52-9797-be534e709e12.pt,2998,2047257
c56c9707-022e-4845-ae2c-1dd79fd576de,2,/home/azureuser/capstone/embeddings/c56c9707-022e-4845-ae2c-1dd79fd576de.pt,2998,2208795
1a255435-a901-4b46-88fd-ac0db7364aff,2,/home/azureuser/capstone/embeddings/1a255435-a901-4b46-88fd-ac0db7364aff.pt,2998,900300002998
004af7d6-dd6a-4a93-9538-bc378c4d8c90,2,/home/azureuser/capstone/embeddings/004af7d6-dd6a-4a93-9538-bc378c4d8c90.pt,3035,1772143
e9331467-d12b-42d2-830e-0f8d43a96b25,39,/home/azureuser/capstone/embeddings/e9331467-d12b-42d2-830e-0f8d43a96b25.pt,3091,86548
2a038d21-32c0-474c-a832-223bd3b7bfdc,39,/home/azureuser/capstone/embeddings/2a038d21-32c0-474c-a832-223bd3b7bfdc.pt,3091,86829
f17e7690-419c-4d8a-bb07-df477a70e4e3,2,/home/azureuser/capstone/embeddings/f17e7690-419c-4d8a-bb07-df477a70e4e3.pt,3148,350136
e3ffc8b1-5c29-4f01-bf96-78273c8c3a25,2,/home/azureuser/capstone/embeddings/e3ffc8b1-5c29-4f01-bf96-78273c8c3a25.pt,3160,244354
e95736ce-cc93-47ae-bbd6-fc73bdd6ae5f,39,/home/azureuser/capstone/embeddings/e95736ce-cc93-47ae-bbd6-fc73bdd6ae5f.pt,3236,2093276
a9d9fbe0-c48b-40c5-88c8-6f3a64426d1c,2,/home/azureuser/capstone/embeddings/a9d9fbe0-c48b-40c5-88c8-6f3a64426d1c.pt,3272,1191647
64c7e815-bb1c-407f-8225-400622d98969,2,/home/azureuser/capstone/embeddings/64c7e815-bb1c-407f-8225-400622d98969.pt,3272,2040483
4c56675c-10f6-4451-83de-88febcdefe73,2,/home/azureuser/capstone/embeddings/4c56675c-10f6-4451-83de-88febcdefe73.pt,3337,1337340
746166fa-187e-4ab6-b304-1702bcab7d9c,2,/home/azureuser/capstone/embeddings/746166fa-187e-4ab6-b304-1702bcab7d9c.pt,3337,1786973
947812ea-57dd-4368-acfc-75620ad30768,39,/home/azureuser/capstone/embeddings/947812ea-57dd-4368-acfc-75620ad30768.pt,3353,83464
303a3f81-bf4e-4d13-9126-6cb63b1425f5,39,/home/azureuser/capstone/embeddings/303a3f81-bf4e-4d13-9126-6cb63b1425f5.pt,3353,91726
7cf49ad6-b970-414a-a57b-bf52488c0369,39,/home/azureuser/capstone/embeddings/7cf49ad6-b970-414a-a57b-bf52488c0369.pt,3353,1869529
16a26be4-8329-4af2-aefb-faceea61ef24,2,/home/azureuser/capstone/embeddings/16a26be4-8329-4af2-aefb-faceea61ef24.pt,3353,1871569
3d7cf45c-e18e-40f0-90c1-6d41ff0af090,39,/home/azureuser/capstone/embeddings/3d7cf45c-e18e-40f0-90c1-6d41ff0af090.pt,3366,1866821
a5547e8b-3880-4c27-ae9d-c78216a15df1,39,/home/azureuser/capstone/embeddings/a5547e8b-3880-4c27-ae9d-c78216a15df1.pt,3425,90152
53d1807c-e83c-4c97-9f15-b6b76b995111,39,/home/azureuser/capstone/embeddings/53d1807c-e83c-4c97-9f15-b6b76b995111.pt,3442,84473
af4809d2-459c-4dee-8496-c6f50f6c5710,39,/home/azureuser/capstone/embeddings/af4809d2-459c-4dee-8496-c6f50f6c5710.pt,3442,2095731
1aa6274a-58db-4da4-9b65-eb4145253d82,39,/home/azureuser/capstone/embeddings/1aa6274a-58db-4da4-9b65-eb4145253d82.pt,3464,1870035
a015f072-d918-424c-b14b-38614b6cc7cc,2,/home/azureuser/capstone/embeddings/a015f072-d918-424c-b14b-38614b6cc7cc.pt,3493,348716
83e37570-4ae3-45b7-a69e-aeb07e0a5c50,2,/home/azureuser/capstone/embeddings/83e37570-4ae3-45b7-a69e-aeb07e0a5c50.pt,3493,356739
1a86ae75-62d4-4a3a-8a28-5ffc0bbd2cab,2,/home/azureuser/capstone/embeddings/1a86ae75-62d4-4a3a-8a28-5ffc0bbd2cab.pt,3535,347060
a59e38de-2051-4ea9-8785-e2b9477b2d8d,2,/home/azureuser/capstone/embeddings/a59e38de-2051-4ea9-8785-e2b9477b2d8d.pt,3535,352791
da55801b-7b2d-468f-874e-f7797329fa8e,2,/home/azureuser/capstone/embeddings/da55801b-7b2d-468f-874e-f7797329fa8e.pt,3535,1772577
5af8714b-0c7e-4a30-9c09-a9f72bc8574c,2,/home/azureuser/capstone/embeddings/5af8714b-0c7e-4a30-9c09-a9f72bc8574c.pt,3535,1772866
c6080ac3-3e67-4d7f-ad7d-77cf5e9b4453,2,/home/azureuser/capstone/embeddings/c6080ac3-3e67-4d7f-ad7d-77cf5e9b4453.pt,3535,1780214
5e787667-ef03-4f55-aec7-ad6f71a73f56,2,/home/azureuser/capstone/embeddings/5e787667-ef03-4f55-aec7-ad6f71a73f56.pt,3535,1781704
59afc04b-aeee-4427-bdce-1586e621efb4,2,/home/azureuser/capstone/embeddings/59afc04b-aeee-4427-bdce-1586e621efb4.pt,3535,2043174
8b28d10b-024e-48fd-8950-8077c56fde43,2,/home/azureuser/capstone/embeddings/8b28d10b-024e-48fd-8950-8077c56fde43.pt,3590,133534
9113850e-8e9b-4c0d-a8b7-7aba0dfc9814,2,/home/azureuser/capstone/embeddings/9113850e-8e9b-4c0d-a8b7-7aba0dfc9814.pt,3590,2040136
a04caf70-0d39-4b52-b121-0c212c519b4e,39,/home/azureuser/capstone/embeddings/a04caf70-0d39-4b52-b121-0c212c519b4e.pt,3595,79541
d2122001-2794-4a6e-aaa2-8462f7dc0eba,39,/home/azureuser/capstone/embeddings/d2122001-2794-4a6e-aaa2-8462f7dc0eba.pt,3595,81474
77104160-620b-4786-9c1a-d5078c7808c6,39,/home/azureuser/capstone/embeddings/77104160-620b-4786-9c1a-d5078c7808c6.pt,3595,89692
dce4b1fc-c700-461e-a18b-19153842b01f,39,/home/azureuser/capstone/embeddings/dce4b1fc-c700-461e-a18b-19153842b01f.pt,3595,89922
93ea410b-a450-4ab1-afe4-591a0603dd3c,39,/home/azureuser/capstone/embeddings/93ea410b-a450-4ab1-afe4-591a0603dd3c.pt,3595,95178
c408660f-9ff7-4c7d-95f5-0a1320643471,39,/home/azureuser/capstone/embeddings/c408660f-9ff7-4c7d-95f5-0a1320643471.pt,3595,1492304
31302de7-3ea8-44db-9e45-e832669aefa5,2,/home/azureuser/capstone/embeddings/31302de7-3ea8-44db-9e45-e832669aefa5.pt,3602,1350349
f717a676-9b4e-4e36-9012-2dc5121f7ba2,2,/home/azureuser/capstone/embeddings/f717a676-9b4e-4e36-9012-2dc5121f7ba2.pt,3602,1352216
1f57758a-7f96-4dfa-9d49-db19ea871889,2,/home/azureuser/capstone/embeddings/1f57758a-7f96-4dfa-9d49-db19ea871889.pt,3602,1352429
9280e4fe-fb90-47a1-a2a1-593c5f98f92e,2,/home/azureuser/capstone/embeddings/9280e4fe-fb90-47a1-a2a1-593c5f98f92e.pt,3602,1357062
d6c1207c-dcb8-4d74-a25a-8fcd4c23a707,2,/home/azureuser/capstone/embeddings/d6c1207c-dcb8-4d74-a25a-8fcd4c23a707.pt,3602,1358273
bc78b1e8-81d4-40e1-85e3-73f148281326,2,/home/azureuser/capstone/embeddings/bc78b1e8-81d4-40e1-85e3-73f148281326.pt,3602,1772426
fcb57872-2e7c-4484-9e28-3dde543587ea,2,/home/azureuser/capstone/embeddings/fcb57872-2e7c-4484-9e28-3dde543587ea.pt,3602,1773233
66dc59a9-0cf5-488c-b225-6e924ff3aa19,2,/home/azureuser/capstone/embeddings/66dc59a9-0cf5-488c-b225-6e924ff3aa19.pt,3602,1775394
3a4a992b-94f8-41bb-aeb5-fc9eff13f586,2,/home/azureuser/capstone/embeddings/3a4a992b-94f8-41bb-aeb5-fc9eff13f586.pt,3602,2040529
9ea5eb47-bad8-4d5a-9b8c-2f56267e8c25,2,/home/azureuser/capstone/embeddings/9ea5eb47-bad8-4d5a-9b8c-2f56267e8c25.pt,3602,2042177
820cbd8b-7ae6-4734-acc4-df79d760a69c,2,/home/azureuser/capstone/embeddings/820cbd8b-7ae6-4734-acc4-df79d760a69c.pt,3602,2170077
6a9db2cd-4376-4b43-89b9-33dfd860046a,39,/home/azureuser/capstone/embeddings/6a9db2cd-4376-4b43-89b9-33dfd860046a.pt,3637,84545
3abc2d31-4c67-42ba-ac29-7142bd8551a2,39,/home/azureuser/capstone/embeddings/3abc2d31-4c67-42ba-ac29-7142bd8551a2.pt,3637,90501
e8c28bbd-edb5-4fda-8541-088e2c499952,39,/home/azureuser/capstone/embeddings/e8c28bbd-edb5-4fda-8541-088e2c499952.pt,3637,90744
073bb4b6-9519-49db-be99-b6772b8e9655,39,/home/azureuser/capstone/embeddings/073bb4b6-9519-49db-be99-b6772b8e9655.pt,3637,94057
6cb87a53-94c7-4362-aecc-8795a56d96c0,39,/home/azureuser/capstone/embeddings/6cb87a53-94c7-4362-aecc-8795a56d96c0.pt,3637,96099
cc1343a7-1e79-41b4-b0e0-4b1ad283f4a4,2,/home/azureuser/capstone/embeddings/cc1343a7-1e79-41b4-b0e0-4b1ad283f4a4.pt,3668,1191895
7dddf063-7ab3-4629-9f06-a249c2806c08,39,/home/azureuser/capstone/embeddings/7dddf063-7ab3-4629-9f06-a249c2806c08.pt,3703,1485006
c097ad57-c2e8-4046-b559-191a43f1f844,39,/home/azureuser/capstone/embeddings/c097ad57-c2e8-4046-b559-191a43f1f844.pt,3703,2093115
8de4456f-6895-43ad-b478-f0ba63092744,2,/home/azureuser/capstone/embeddings/8de4456f-6895-43ad-b478-f0ba63092744.pt,3711,138149
8c8f333e-8769-4b96-ad69-85b2368842e4,2,/home/azureuser/capstone/embeddings/8c8f333e-8769-4b96-ad69-85b2368842e4.pt,3817,133052
44ebd068-3d64-4d8f-ba82-c024088be45a,39,/home/azureuser/capstone/embeddings/44ebd068-3d64-4d8f-ba82-c024088be45a.pt,3830,353581
1bf47514-47ce-49cb-892f-edb3280f201b,2,/home/azureuser/capstone/embeddings/1bf47514-47ce-49cb-892f-edb3280f201b.pt,3830,354015
50559879-51b4-433d-9b38-a3bff757bfcf,2,/home/azureuser/capstone/embeddings/50559879-51b4-433d-9b38-a3bff757bfcf.pt,3830,358023
ec46dac0-4aa1-4905-aa18-762677f67c6b,2,/home/azureuser/capstone/embeddings/ec46dac0-4aa1-4905-aa18-762677f67c6b.pt,3830,1194229
80a00a7c-b093-4c86-a70a-6b3b2f44080f,2,/home/azureuser/capstone/embeddings/80a00a7c-b093-4c86-a70a-6b3b2f44080f.pt,3830,1350805
1daa0906-5035-44d4-ae57-57ffce675c7c,39,/home/azureuser/capstone/embeddings/1daa0906-5035-44d4-ae57-57ffce675c7c.pt,3830,1782379
4cb9d9a0-36a4-46ee-9a5c-beb08b6bdb5a,39,/home/azureuser/capstone/embeddings/4cb9d9a0-36a4-46ee-9a5c-beb08b6bdb5a.pt,3830,1784324
7c18db3a-8025-4851-a330-702d163a8734,2,/home/azureuser/capstone/embeddings/7c18db3a-8025-4851-a330-702d163a8734.pt,3830,1785158
0374ac03-5e57-42ff-a05b-0f77e013d226,2,/home/azureuser/capstone/embeddings/0374ac03-5e57-42ff-a05b-0f77e013d226.pt,3830,2043513
1fbd607b-caec-4953-8369-1a04a0e11fa1,2,/home/azureuser/capstone/embeddings/1fbd607b-caec-4953-8369-1a04a0e11fa1.pt,3849,345976
419b04d7-a214-429b-93ef-554fcddfe061,2,/home/azureuser/capstone/embeddings/419b04d7-a214-429b-93ef-554fcddfe061.pt,3849,361006
06e25f2d-df55-436b-a488-3c11f3606c23,2,/home/azureuser/capstone/embeddings/06e25f2d-df55-436b-a488-3c11f3606c23.pt,3849,361565
fdb26d45-b3b7-4827-b599-e9708967c4e4,2,/home/azureuser/capstone/embeddings/fdb26d45-b3b7-4827-b599-e9708967c4e4.pt,3849,363252
9360aebe-6881-42d0-a4d7-160c51b81ab8,2,/home/azureuser/capstone/embeddings/9360aebe-6881-42d0-a4d7-160c51b81ab8.pt,3849,363533
722ab0e5-d10c-489c-899d-3f803a01f95a,39,/home/azureuser/capstone/embeddings/722ab0e5-d10c-489c-899d-3f803a01f95a.pt,3899,83080
a2b83700-d751-4db1-ad57-a65602f0fb66,39,/home/azureuser/capstone/embeddings/a2b83700-d751-4db1-ad57-a65602f0fb66.pt,3899,1488251
4927402d-014a-45e1-ae85-327c01d57089,39,/home/azureuser/capstone/embeddings/4927402d-014a-45e1-ae85-327c01d57089.pt,3899,1865915
815db21e-7ca5-4e44-95d7-e2c0651df5ba,39,/home/azureuser/capstone/embeddings/815db21e-7ca5-4e44-95d7-e2c0651df5ba.pt,3915,81672
15d80672-d5d0-4f74-93df-9439d1cc93a5,39,/home/azureuser/capstone/embeddings/15d80672-d5d0-4f74-93df-9439d1cc93a5.pt,3915,1486102
30f4379b-cfae-4a6c-a922-226c14aa6c4c,2,/home/azureuser/capstone/embeddings/30f4379b-cfae-4a6c-a922-226c14aa6c4c.pt,3935,143170
c7d52dd8-1dfc-4b1c-8265-56dd1dbb188a,2,/home/azureuser/capstone/embeddings/c7d52dd8-1dfc-4b1c-8265-56dd1dbb188a.pt,3988,132157
fa190559-687a-4ed5-896f-6af8e66d22d7,39,/home/azureuser/capstone/embeddings/fa190559-687a-4ed5-896f-6af8e66d22d7.pt,4011,80128
b2f56b04-9e2e-4651-ad6c-bce2a338507f,2,/home/azureuser/capstone/embeddings/b2f56b04-9e2e-4651-ad6c-bce2a338507f.pt,4020,344824
4068c7ce-17b1-463e-b1b5-2fd4ed64b353,2,/home/azureuser/capstone/embeddings/4068c7ce-17b1-463e-b1b5-2fd4ed64b353.pt,4020,1773924
b2adfc2a-abec-42a0-ac82-546b2503f5a8,39,/home/azureuser/capstone/embeddings/b2adfc2a-abec-42a0-ac82-546b2503f5a8.pt,4051,79930
45dcb983-f0ce-4cef-be0d-a998ad6bdcaa,2,/home/azureuser/capstone/embeddings/45dcb983-f0ce-4cef-be0d-a998ad6bdcaa.pt,4068,350300
1feacc9b-cb7d-42be-b762-a5fae653134c,39,/home/azureuser/capstone/embeddings/1feacc9b-cb7d-42be-b762-a5fae653134c.pt,4068,2039865
1d115064-8c43-4880-a823-dd2f80d02cc5,39,/home/azureuser/capstone/embeddings/1d115064-8c43-4880-a823-dd2f80d02cc5.pt,4068,2043670
671b4a7e-180e-47c5-801c-dbcc6365687b,39,/home/azureuser/capstone/embeddings/671b4a7e-180e-47c5-801c-dbcc6365687b.pt,4125,92646
0d103b06-135a-404b-9897-d528b8b7808e,2,/home/azureuser/capstone/embeddings/0d103b06-135a-404b-9897-d528b8b7808e.pt,4130,133921
b825737f-9569-4fb5-87f3-eaa6563bf625,2,/home/azureuser/capstone/embeddings/b825737f-9569-4fb5-87f3-eaa6563bf625.pt,4130,135543
f9e237a2-6fdd-4159-a77d-cdab824ee700,2,/home/azureuser/capstone/embeddings/f9e237a2-6fdd-4159-a77d-cdab824ee700.pt,4130,243112
f85fc9e8-1fa9-4486-be70-a19c5e024f29,2,/home/azureuser/capstone/embeddings/f85fc9e8-1fa9-4486-be70-a19c5e024f29.pt,4130,243208
026c35ef-0adb-4066-952f-3fa802b01ca4,39,/home/azureuser/capstone/embeddings/026c35ef-0adb-4066-952f-3fa802b01ca4.pt,4130,243567
cb41bf47-4958-4d32-8ee4-258470f717c2,39,/home/azureuser/capstone/embeddings/cb41bf47-4958-4d32-8ee4-258470f717c2.pt,4130,2208853
8bb186b6-291a-424e-9d5c-535e457d82b7,2,/home/azureuser/capstone/embeddings/8bb186b6-291a-424e-9d5c-535e457d82b7.pt,4157,80864
5a35313d-c193-4abb-91c8-ad8bd8a69bdc,39,/home/azureuser/capstone/embeddings/5a35313d-c193-4abb-91c8-ad8bd8a69bdc.pt,4157,88089
9e71b214-c8f7-4f5f-a4b1-2e9713875649,39,/home/azureuser/capstone/embeddings/9e71b214-c8f7-4f5f-a4b1-2e9713875649.pt,4157,1867599
0856a785-4fd9-41af-9b6d-b4fa6ae97bf3,39,/home/azureuser/capstone/embeddings/0856a785-4fd9-41af-9b6d-b4fa6ae97bf3.pt,4157,1868639
118bc298-608b-48c7-b0dc-cb7e7c100e10,2,/home/azureuser/capstone/embeddings/118bc298-608b-48c7-b0dc-cb7e7c100e10.pt,4212,133754
3e13b77c-76c6-47ef-923b-0635db3e6edc,39,/home/azureuser/capstone/embeddings/3e13b77c-76c6-47ef-923b-0635db3e6edc.pt,4244,79306
325a3e9f-0767-4f5e-9a77-fb8b814f8efc,39,/home/azureuser/capstone/embeddings/325a3e9f-0767-4f5e-9a77-fb8b814f8efc.pt,4244,85785
e36c7d2d-baaa-4a9f-b80f-7d3dcad204cd,39,/home/azureuser/capstone/embeddings/e36c7d2d-baaa-4a9f-b80f-7d3dcad204cd.pt,4244,91388
db436083-9429-4b7c-9bea-4c464dc913f7,39,/home/azureuser/capstone/embeddings/db436083-9429-4b7c-9bea-4c464dc913f7.pt,4244,94820
1aa5bbef-c7d9-462d-a3d2-d808730acb2d,39,/home/azureuser/capstone/embeddings/1aa5bbef-c7d9-462d-a3d2-d808730acb2d.pt,4244,1872259
da6245cf-0f51-4c75-832b-71a5a3ad55d4,39,/home/azureuser/capstone/embeddings/da6245cf-0f51-4c75-832b-71a5a3ad55d4.pt,4244,1873061
1b53f162-5ceb-4505-a5a6-ef5e284be966,39,/home/azureuser/capstone/embeddings/1b53f162-5ceb-4505-a5a6-ef5e284be966.pt,4244,1873165
2dc02963-cbf7-4024-9813-c9c1bf38e567,39,/home/azureuser/capstone/embeddings/2dc02963-cbf7-4024-9813-c9c1bf38e567.pt,4244,2213602
ca117218-88e1-4987-a402-af409e1ff44d,39,/home/azureuser/capstone/embeddings/ca117218-88e1-4987-a402-af409e1ff44d.pt,4244,2213697
82491e73-d8f9-4261-89d9-5bcb073f032b,2,/home/azureuser/capstone/embeddings/82491e73-d8f9-4261-89d9-5bcb073f032b.pt,4246,137798
bc0d398d-ecc1-4e60-9045-ab34e0a183dc,2,/home/azureuser/capstone/embeddings/bc0d398d-ecc1-4e60-9045-ab34e0a183dc.pt,4246,1339888
04ee4571-e283-42f5-bbad-d7c81fc325a1,2,/home/azureuser/capstone/embeddings/04ee4571-e283-42f5-bbad-d7c81fc325a1.pt,4246,1352936
1c2320d2-3d33-4ade-bc37-bed17c836f07,2,/home/azureuser/capstone/embeddings/1c2320d2-3d33-4ade-bc37-bed17c836f07.pt,4246,1355316
9ea93465-6119-4ef2-9415-c064a01fd684,2,/home/azureuser/capstone/embeddings/9ea93465-6119-4ef2-9415-c064a01fd684.pt,4246,2038004
db628106-26d5-4e2d-9db0-50d4de5cba92,2,/home/azureuser/capstone/embeddings/db628106-26d5-4e2d-9db0-50d4de5cba92.pt,4265,1337814
0b27d3ce-67cd-4972-a47a-05da12115c26,2,/home/azureuser/capstone/embeddings/0b27d3ce-67cd-4972-a47a-05da12115c26.pt,4265,1340957
a71a6d78-1ec1-4375-890b-916b6c0c2e5e,2,/home/azureuser/capstone/embeddings/a71a6d78-1ec1-4375-890b-916b6c0c2e5e.pt,4265,1345650
7e612dfb-dcac-4355-b548-5653f3bd9262,2,/home/azureuser/capstone/embeddings/7e612dfb-dcac-4355-b548-5653f3bd9262.pt,4265,2170367
70cf9521-3c53-43da-8da3-a1e197981630,2,/home/azureuser/capstone/embeddings/70cf9521-3c53-43da-8da3-a1e197981630.pt,4275,349762
f62bf41e-dba3-4da9-8eaa-fd40c45686c9,2,/home/azureuser/capstone/embeddings/f62bf41e-dba3-4da9-8eaa-fd40c45686c9.pt,4275,356909
f3ec6a90-e0c5-4282-848e-f8e071878677,39,/home/azureuser/capstone/embeddings/f3ec6a90-e0c5-4282-848e-f8e071878677.pt,4275,362757
eac4cc1d-0afb-43f5-b7b1-8a5401dc08e0,2,/home/azureuser/capstone/embeddings/eac4cc1d-0afb-43f5-b7b1-8a5401dc08e0.pt,4275,363271
e3284348-f5b3-42a5-ac9e-0776dd66a9db,2,/home/azureuser/capstone/embeddings/e3284348-f5b3-42a5-ac9e-0776dd66a9db.pt,4275,363566
9bd41166-1554-440c-9b5a-2edcfe0de1a3,2,/home/azureuser/capstone/embeddings/9bd41166-1554-440c-9b5a-2edcfe0de1a3.pt,4275,363842
576f89fe-4a47-43fa-9d5d-37d16366502d,2,/home/azureuser/capstone/embeddings/576f89fe-4a47-43fa-9d5d-37d16366502d.pt,4275,1346342
d3de10a6-a7d4-4276-9db6-cb799e1e2fb4,39,/home/azureuser/capstone/embeddings/d3de10a6-a7d4-4276-9db6-cb799e1e2fb4.pt,4275,2040244
26e19714-2545-46b0-9159-5dc94cb00449,2,/home/azureuser/capstone/embeddings/26e19714-2545-46b0-9159-5dc94cb00449.pt,4282,352461
bc227330-2e7d-45b2-a7b7-c95960823760,2,/home/azureuser/capstone/embeddings/bc227330-2e7d-45b2-a7b7-c95960823760.pt,4289,353254
0041470a-fb31-485f-9933-8dfefd6a22c4,2,/home/azureuser/capstone/embeddings/0041470a-fb31-485f-9933-8dfefd6a22c4.pt,4289,1340884
258cb827-276a-4659-9679-950a580ae923,39,/home/azureuser/capstone/embeddings/258cb827-276a-4659-9679-950a580ae923.pt,4296,1486366
52e38ee2-5336-4ee2-8a33-0fe8b36a788f,39,/home/azureuser/capstone/embeddings/52e38ee2-5336-4ee2-8a33-0fe8b36a788f.pt,4296,1867164
0b096d8a-64c7-4b12-94f6-eb771a40a643,39,/home/azureuser/capstone/embeddings/0b096d8a-64c7-4b12-94f6-eb771a40a643.pt,4296,1869449
265840fb-2ae9-412c-b309-3e5575fab089,2,/home/azureuser/capstone/embeddings/265840fb-2ae9-412c-b309-3e5575fab089.pt,4355,1774215
add69cca-7bb3-4591-bc1f-7ae94cf5144f,2,/home/azureuser/capstone/embeddings/add69cca-7bb3-4591-bc1f-7ae94cf5144f.pt,4360,1771298
9cecab21-7ff8-409f-8d97-cb8e5d7dc1e1,2,/home/azureuser/capstone/embeddings/9cecab21-7ff8-409f-8d97-cb8e5d7dc1e1.pt,4376,134300
ce89cbd9-25b5-458f-8736-88e1935ead2a,2,/home/azureuser/capstone/embeddings/ce89cbd9-25b5-458f-8736-88e1935ead2a.pt,4376,2043055
404f36f0-c12f-4a2c-9341-94aec1ae59a9,2,/home/azureuser/capstone/embeddings/404f36f0-c12f-4a2c-9341-94aec1ae59a9.pt,4377,1350895
6d4d8880-b987-4a7f-acf0-afecf6a0b2f7,2,/home/azureuser/capstone/embeddings/6d4d8880-b987-4a7f-acf0-afecf6a0b2f7.pt,4404,1787915
2afe2b9c-adce-471e-8c8c-887242d960ca,2,/home/azureuser/capstone/embeddings/2afe2b9c-adce-471e-8c8c-887242d960ca.pt,4404,1788287
12a534a4-3c4c-4ec4-bdf7-4226e831326b,39,/home/azureuser/capstone/embeddings/12a534a4-3c4c-4ec4-bdf7-4226e831326b.pt,4410,1488076
1ebf569b-7f6b-4a92-886a-35b5f947173e,39,/home/azureuser/capstone/embeddings/1ebf569b-7f6b-4a92-886a-35b5f947173e.pt,4410,2095379
362b3159-70ca-4d0f-8501-24ece8ab2f8c,2,/home/azureuser/capstone/embeddings/362b3159-70ca-4d0f-8501-24ece8ab2f8c.pt,4426,356677
632e4dea-4e01-4ea3-a651-4c17ce63d7d9,2,/home/azureuser/capstone/embeddings/632e4dea-4e01-4ea3-a651-4c17ce63d7d9.pt,4462,358086
760f1095-c0e4-420d-a2f3-4563e658bdfa,2,/home/azureuser/capstone/embeddings/760f1095-c0e4-420d-a2f3-4563e658bdfa.pt,4462,364096
83cfe52f-71a9-4c51-8c68-f1fdd5727eb5,39,/home/azureuser/capstone/embeddings/83cfe52f-71a9-4c51-8c68-f1fdd5727eb5.pt,4462,1347595
ba39c81e-8ff7-43d0-9bd7-a13223920ba0,2,/home/azureuser/capstone/embeddings/ba39c81e-8ff7-43d0-9bd7-a13223920ba0.pt,4462,1779815
da17b3dd-78df-478b-a988-6f881f85d12b,2,/home/azureuser/capstone/embeddings/da17b3dd-78df-478b-a988-6f881f85d12b.pt,4471,360996
122da8b3-60ca-4038-b22f-961d2cdb3071,2,/home/azureuser/capstone/embeddings/122da8b3-60ca-4038-b22f-961d2cdb3071.pt,4471,1777439
d19a3a5a-8873-4049-90d1-766824328347,2,/home/azureuser/capstone/embeddings/d19a3a5a-8873-4049-90d1-766824328347.pt,4489,134766
58e258fb-cd57-4b61-9d37-a962a2f8779f,2,/home/azureuser/capstone/embeddings/58e258fb-cd57-4b61-9d37-a962a2f8779f.pt,4489,1340691
6eff259e-8f5f-467b-926d-40c2704e2f0f,2,/home/azureuser/capstone/embeddings/6eff259e-8f5f-467b-926d-40c2704e2f0f.pt,4489,1775441
a6b48a3a-5380-4864-8bb8-9fec15f5266c,2,/home/azureuser/capstone/embeddings/a6b48a3a-5380-4864-8bb8-9fec15f5266c.pt,4502,350658
919aff42-2bd7-4a45-9c6f-3d31b3523f5c,2,/home/azureuser/capstone/embeddings/919aff42-2bd7-4a45-9c6f-3d31b3523f5c.pt,4502,355317
4997ab9f-572f-4b43-8fa5-9c8a83782db1,2,/home/azureuser/capstone/embeddings/4997ab9f-572f-4b43-8fa5-9c8a83782db1.pt,4502,1337995
17192173-ef77-4724-ab11-1792f379d880,2,/home/azureuser/capstone/embeddings/17192173-ef77-4724-ab11-1792f379d880.pt,4502,1351016
6cc15173-3c79-45b7-8558-7f26ae1ae246,39,/home/azureuser/capstone/embeddings/6cc15173-3c79-45b7-8558-7f26ae1ae246.pt,4502,1352023
b3807aff-4676-4dc5-99a5-4fb95d69b298,2,/home/azureuser/capstone/embeddings/b3807aff-4676-4dc5-99a5-4fb95d69b298.pt,4502,1358560
61009639-0520-4b83-9e61-cd7efdab04ad,39,/home/azureuser/capstone/embeddings/61009639-0520-4b83-9e61-cd7efdab04ad.pt,4502,1359799
fcee2984-ce52-47f8-a875-4a4342f16ec1,2,/home/azureuser/capstone/embeddings/fcee2984-ce52-47f8-a875-4a4342f16ec1.pt,4502,1777648
961fe828-15c6-45b9-aefc-3486e0f1e751,2,/home/azureuser/capstone/embeddings/961fe828-15c6-45b9-aefc-3486e0f1e751.pt,4502,1782249
5ff6d8f9-db6f-4212-b56f-41c8cc504ff3,39,/home/azureuser/capstone/embeddings/5ff6d8f9-db6f-4212-b56f-41c8cc504ff3.pt,4502,2038047
28bc147f-9b6f-41d3-adb2-380758df491b,2,/home/azureuser/capstone/embeddings/28bc147f-9b6f-41d3-adb2-380758df491b.pt,4502,2040902
08a136ca-d886-4759-862c-269387fbafc4,2,/home/azureuser/capstone/embeddings/08a136ca-d886-4759-862c-269387fbafc4.pt,4502,2168832
40c7f291-6f55-4978-980e-a9553aab5495,2,/home/azureuser/capstone/embeddings/40c7f291-6f55-4978-980e-a9553aab5495.pt,4551,353260
b9910a84-665c-42d2-802b-ccfd99807be8,2,/home/azureuser/capstone/embeddings/b9910a84-665c-42d2-802b-ccfd99807be8.pt,4551,1192211
44786795-ee49-48d1-ba9a-18e9fd41436b,2,/home/azureuser/capstone/embeddings/44786795-ee49-48d1-ba9a-18e9fd41436b.pt,4551,2042311
0630e290-851b-4ff1-b74c-e008cadb5ae4,39,/home/azureuser/capstone/embeddings/0630e290-851b-4ff1-b74c-e008cadb5ae4.pt,4578,1352138
f07816c3-1a06-493e-956f-3d11897fd7f5,39,/home/azureuser/capstone/embeddings/f07816c3-1a06-493e-956f-3d11897fd7f5.pt,4578,1486995
2d2a190d-5b3a-4f4c-87e9-35687fb36a36,2,/home/azureuser/capstone/embeddings/2d2a190d-5b3a-4f4c-87e9-35687fb36a36.pt,4595,244220
e98f5f2a-b521-4d9a-a912-9774e979dba7,39,/home/azureuser/capstone/embeddings/e98f5f2a-b521-4d9a-a912-9774e979dba7.pt,4616,84718
fbeecd2d-e708-49e0-acda-479bd11e5a33,2,/home/azureuser/capstone/embeddings/fbeecd2d-e708-49e0-acda-479bd11e5a33.pt,4620,1345973
3b3a99b7-1c4f-4a14-bca6-0ec5ad3f699e,2,/home/azureuser/capstone/embeddings/3b3a99b7-1c4f-4a14-bca6-0ec5ad3f699e.pt,4620,1773980
f494d7ee-a640-4947-b4d1-8d6c464651d5,39,/home/azureuser/capstone/embeddings/f494d7ee-a640-4947-b4d1-8d6c464651d5.pt,4622,89646
fc7e5993-c5b5-4d1f-8872-2d0cf6c415da,2,/home/azureuser/capstone/embeddings/fc7e5993-c5b5-4d1f-8872-2d0cf6c415da.pt,4665,347892
e92ab584-65c5-45ba-84ca-069677715e31,39,/home/azureuser/capstone/embeddings/e92ab584-65c5-45ba-84ca-069677715e31.pt,4673,1484754
02f8eccf-a83e-459a-a0e5-28bb12657618,2,/home/azureuser/capstone/embeddings/02f8eccf-a83e-459a-a0e5-28bb12657618.pt,4700,349416
aa155326-a4ab-485f-93d8-fb538225d4b2,2,/home/azureuser/capstone/embeddings/aa155326-a4ab-485f-93d8-fb538225d4b2.pt,4700,1191548
1b14e6bc-3308-4baf-8c21-f9fe93fdec48,2,/home/azureuser/capstone/embeddings/1b14e6bc-3308-4baf-8c21-f9fe93fdec48.pt,4700,1337414
cb599961-6143-4a3a-9a29-4cdaa837a073,39,/home/azureuser/capstone/embeddings/cb599961-6143-4a3a-9a29-4cdaa837a073.pt,4700,1772959
d7051b3e-169d-4ad2-9182-59a3fe3d47bf,2,/home/azureuser/capstone/embeddings/d7051b3e-169d-4ad2-9182-59a3fe3d47bf.pt,4700,1777234
9a37dec0-2721-4da0-9f8f-3ffa985bb29c,2,/home/azureuser/capstone/embeddings/9a37dec0-2721-4da0-9f8f-3ffa985bb29c.pt,4700,1778799
a68dfd52-7833-4a50-9821-e9ac444e3933,2,/home/azureuser/capstone/embeddings/a68dfd52-7833-4a50-9821-e9ac444e3933.pt,4700,1779808
9eda6b99-8b0d-45ab-9c91-7207baa23930,2,/home/azureuser/capstone/embeddings/9eda6b99-8b0d-45ab-9c91-7207baa23930.pt,4700,1781172
bd6ab506-6215-4495-9f5f-1bce62434f5b,2,/home/azureuser/capstone/embeddings/bd6ab506-6215-4495-9f5f-1bce62434f5b.pt,4700,1781895
bc7f7e2d-3528-4543-9459-1e7f0de4ee16,2,/home/azureuser/capstone/embeddings/bc7f7e2d-3528-4543-9459-1e7f0de4ee16.pt,4700,1782540
795d7b7d-6aaf-47f4-a1da-36992cc31df4,2,/home/azureuser/capstone/embeddings/795d7b7d-6aaf-47f4-a1da-36992cc31df4.pt,4700,1784860
956bdfab-4907-43e0-90de-2a2a08e3a528,39,/home/azureuser/capstone/embeddings/956bdfab-4907-43e0-90de-2a2a08e3a528.pt,4700,900300004700
5b07720d-dd91-4d7a-86fe-7ac1025451e9,2,/home/azureuser/capstone/embeddings/5b07720d-dd91-4d7a-86fe-7ac1025451e9.pt,4714,88896
93d50501-6977-4dcc-b725-8e102c94097b,2,/home/azureuser/capstone/embeddings/93d50501-6977-4dcc-b725-8e102c94097b.pt,4714,1483456
c2c557b2-95ba-45e5-bbf4-1c4b7edd93b5,39,/home/azureuser/capstone/embeddings/c2c557b2-95ba-45e5-bbf4-1c4b7edd93b5.pt,4719,82893
66d2a4aa-6c19-406d-b86f-fdbd9a72e88f,39,/home/azureuser/capstone/embeddings/66d2a4aa-6c19-406d-b86f-fdbd9a72e88f.pt,4719,87954
04c11687-bd11-4d55-96ba-216ec5752d02,39,/home/azureuser/capstone/embeddings/04c11687-bd11-4d55-96ba-216ec5752d02.pt,4731,79107
721000da-38ee-4bcf-ad63-72885b440046,39,/home/azureuser/capstone/embeddings/721000da-38ee-4bcf-ad63-72885b440046.pt,4731,370222
07e7494b-03b2-4e91-941a-9e7de4c74f19,39,/home/azureuser/capstone/embeddings/07e7494b-03b2-4e91-941a-9e7de4c74f19.pt,4731,2095025
86246f5d-e0f1-4340-88fa-1eed6f20ef99,2,/home/azureuser/capstone/embeddings/86246f5d-e0f1-4340-88fa-1eed6f20ef99.pt,4736,353830
4af3117d-4c0f-4fb3-8e77-36bf0565165f,2,/home/azureuser/capstone/embeddings/4af3117d-4c0f-4fb3-8e77-36bf0565165f.pt,4736,357804
0d64abb1-d329-49ea-a862-befa3818ab52,2,/home/azureuser/capstone/embeddings/0d64abb1-d329-49ea-a862-befa3818ab52.pt,4736,1195559
1b72fc5f-3f2a-4e25-bf13-0fafdc2f065b,2,/home/azureuser/capstone/embeddings/1b72fc5f-3f2a-4e25-bf13-0fafdc2f065b.pt,4736,1343565
ee763f0b-7994-41f3-b858-13d808098c3e,2,/home/azureuser/capstone/embeddings/ee763f0b-7994-41f3-b858-13d808098c3e.pt,4736,1782615
f5cb1120-cfbc-4eb6-a24f-5b63e0112db0,2,/home/azureuser/capstone/embeddings/f5cb1120-cfbc-4eb6-a24f-5b63e0112db0.pt,4736,1784010
415d61f3-ba05-48f3-9736-1cef0bb03d04,2,/home/azureuser/capstone/embeddings/415d61f3-ba05-48f3-9736-1cef0bb03d04.pt,4736,1784955
f678cb5c-7ed8-4038-99e2-0abef515ba36,2,/home/azureuser/capstone/embeddings/f678cb5c-7ed8-4038-99e2-0abef515ba36.pt,4736,2041984
ebca8b74-2a36-48ef-9838-78b056277a5f,2,/home/azureuser/capstone/embeddings/ebca8b74-2a36-48ef-9838-78b056277a5f.pt,4762,1338281
efadc800-a14d-4507-9530-fca3075451c8,2,/home/azureuser/capstone/embeddings/efadc800-a14d-4507-9530-fca3075451c8.pt,4764,1484969
bb07bf3e-4349-410b-bcac-e0621c60276a,39,/home/azureuser/capstone/embeddings/bb07bf3e-4349-410b-bcac-e0621c60276a.pt,4796,371147
cd2242db-c019-4a76-9427-26b777275601,39,/home/azureuser/capstone/embeddings/cd2242db-c019-4a76-9427-26b777275601.pt,4830,82489
7542bdea-24af-48a2-a73b-abfa1a5d0c82,39,/home/azureuser/capstone/embeddings/7542bdea-24af-48a2-a73b-abfa1a5d0c82.pt,4830,82808
ecf68ea2-3b6b-4d41-8d1d-380546645ab5,39,/home/azureuser/capstone/embeddings/ecf68ea2-3b6b-4d41-8d1d-380546645ab5.pt,4830,1868038
43166197-b094-4051-8d5d-5724e7ae3b5f,39,/home/azureuser/capstone/embeddings/43166197-b094-4051-8d5d-5724e7ae3b5f.pt,4904,81164
c65959f5-b6c6-4356-8b2d-63d0162fdd21,39,/home/azureuser/capstone/embeddings/c65959f5-b6c6-4356-8b2d-63d0162fdd21.pt,4904,89679
6ef85629-15be-4eda-ba23-8ea10087889a,39,/home/azureuser/capstone/embeddings/6ef85629-15be-4eda-ba23-8ea10087889a.pt,4904,95516
b53a2045-5f86-446e-ac6a-5050f29c05a1,39,/home/azureuser/capstone/embeddings/b53a2045-5f86-446e-ac6a-5050f29c05a1.pt,4904,1866955
034e5ef4-9532-428c-aa00-aadad3cd3783,2,/home/azureuser/capstone/embeddings/034e5ef4-9532-428c-aa00-aadad3cd3783.pt,4968,1350156
d6ca1d11-1c84-4a89-8fdf-e054cd4a4acb,2,/home/azureuser/capstone/embeddings/d6ca1d11-1c84-4a89-8fdf-e054cd4a4acb.pt,4968,1350353
25cacc49-fcc2-4b65-92ee-966035694825,2,/home/azureuser/capstone/embeddings/25cacc49-fcc2-4b65-92ee-966035694825.pt,4968,1353465
b26c3c3d-4027-4f4c-88f6-9d3f4383762e,2,/home/azureuser/capstone/embeddings/b26c3c3d-4027-4f4c-88f6-9d3f4383762e.pt,4968,1781135
cbe3de8f-49a7-4aa6-a538-c86489032967,2,/home/azureuser/capstone/embeddings/cbe3de8f-49a7-4aa6-a538-c86489032967.pt,4968,1787446
34108aa8-bd65-4a88-8a98-500fd1a8cc86,2,/home/azureuser/capstone/embeddings/34108aa8-bd65-4a88-8a98-500fd1a8cc86.pt,4968,1787812
e8abecef-6321-4cbf-8f2c-adb2a9446b2d,2,/home/azureuser/capstone/embeddings/e8abecef-6321-4cbf-8f2c-adb2a9446b2d.pt,4968,1788550
4e9334a8-091f-40a9-a6c0-07a5552885ca,2,/home/azureuser/capstone/embeddings/4e9334a8-091f-40a9-a6c0-07a5552885ca.pt,4968,1788729
9ab503a1-5e59-4c04-9607-5da4388c42e9,2,/home/azureuser/capstone/embeddings/9ab503a1-5e59-4c04-9607-5da4388c42e9.pt,4968,2170080
645733cb-0089-4b40-b6a0-532c75728bc2,2,/home/azureuser/capstone/embeddings/645733cb-0089-4b40-b6a0-532c75728bc2.pt,4988,135631
27ddb437-bfd5-4f34-922a-c1d75aa4e629,2,/home/azureuser/capstone/embeddings/27ddb437-bfd5-4f34-922a-c1d75aa4e629.pt,4988,243175
3e65a537-a9b3-42f8-a9c5-e26f9d5f8a31,39,/home/azureuser/capstone/embeddings/3e65a537-a9b3-42f8-a9c5-e26f9d5f8a31.pt,4988,2045699
de01e232-f9cf-47f7-a54d-440aedef7971,2,/home/azureuser/capstone/embeddings/de01e232-f9cf-47f7-a54d-440aedef7971.pt,5018,138332
51706ea2-b59e-4304-84cd-fd62a4e016dc,39,/home/azureuser/capstone/embeddings/51706ea2-b59e-4304-84cd-fd62a4e016dc.pt,5038,81491
284bd4b1-ddea-4b38-bb4f-8ad8869e669a,2,/home/azureuser/capstone/embeddings/284bd4b1-ddea-4b38-bb4f-8ad8869e669a.pt,5073,349598
69ec4aae-fa3e-47fa-aef5-12aec2b30cc1,2,/home/azureuser/capstone/embeddings/69ec4aae-fa3e-47fa-aef5-12aec2b30cc1.pt,5073,1771178
309553b5-5dd5-4c94-bb55-b9f0d25880fb,2,/home/azureuser/capstone/embeddings/309553b5-5dd5-4c94-bb55-b9f0d25880fb.pt,5105,355967
b7e0d5c3-ab39-4817-b2b7-222b23f7376c,2,/home/azureuser/capstone/embeddings/b7e0d5c3-ab39-4817-b2b7-222b23f7376c.pt,5105,361036
3ff3c1c4-22f7-4077-8b16-f69925e5d512,2,/home/azureuser/capstone/embeddings/3ff3c1c4-22f7-4077-8b16-f69925e5d512.pt,5105,2044296
452d687e-d87c-406f-9f81-e2d4bf5c4526,2,/home/azureuser/capstone/embeddings/452d687e-d87c-406f-9f81-e2d4bf5c4526.pt,5105,2046334
0b660a6c-aad2-42cb-89ae-5f9cd9f6b120,39,/home/azureuser/capstone/embeddings/0b660a6c-aad2-42cb-89ae-5f9cd9f6b120.pt,5107,1353157
5beddfd2-5be5-4017-86aa-18de8f698d5b,39,/home/azureuser/capstone/embeddings/5beddfd2-5be5-4017-86aa-18de8f698d5b.pt,5111,1485624
6cb49605-074c-4ba9-9580-51092b529018,39,/home/azureuser/capstone/embeddings/6cb49605-074c-4ba9-9580-51092b529018.pt,5111,1485790
7be41e05-b64e-44f3-8c17-d66d197793d9,39,/home/azureuser/capstone/embeddings/7be41e05-b64e-44f3-8c17-d66d197793d9.pt,5111,1488602
36d43d67-f61d-4608-8646-b7dd6f323c93,39,/home/azureuser/capstone/embeddings/36d43d67-f61d-4608-8646-b7dd6f323c93.pt,5111,2095539
69d03b51-4c0d-49ab-b5b1-4fc65da77315,2,/home/azureuser/capstone/embeddings/69d03b51-4c0d-49ab-b5b1-4fc65da77315.pt,5156,347160
7f17f9d5-2669-411f-9f44-f409938ef022,39,/home/azureuser/capstone/embeddings/7f17f9d5-2669-411f-9f44-f409938ef022.pt,5198,1483943
316d06b7-dc4e-4197-839b-2ef0ea991a5f,2,/home/azureuser/capstone/embeddings/316d06b7-dc4e-4197-839b-2ef0ea991a5f.pt,5205,133833
5eee6a90-f603-4d37-bda5-47c0f4aed612,2,/home/azureuser/capstone/embeddings/5eee6a90-f603-4d37-bda5-47c0f4aed612.pt,5205,1786958
21d9c11a-2f17-463a-9353-1261b9152bf5,39,/home/azureuser/capstone/embeddings/21d9c11a-2f17-463a-9353-1261b9152bf5.pt,5237,132350
bfbf8564-218b-4ec3-aa7c-2cf58b0ed90c,2,/home/azureuser/capstone/embeddings/bfbf8564-218b-4ec3-aa7c-2cf58b0ed90c.pt,5237,137213
485ad66a-3052-471d-a210-5e69030f0d73,2,/home/azureuser/capstone/embeddings/485ad66a-3052-471d-a210-5e69030f0d73.pt,5237,137469
e7befdc2-1a3e-41be-80ad-1475957d4fcf,2,/home/azureuser/capstone/embeddings/e7befdc2-1a3e-41be-80ad-1475957d4fcf.pt,5237,144110
443d1187-c41f-4e34-93c2-99d006690d7c,2,/home/azureuser/capstone/embeddings/443d1187-c41f-4e34-93c2-99d006690d7c.pt,5237,1349309
00bff932-378b-4a0c-a130-630cf9b8a6b1,2,/home/azureuser/capstone/embeddings/00bff932-378b-4a0c-a130-630cf9b8a6b1.pt,5237,1354932
a6e5cdd0-0c16-4d19-bb0f-9f327bfc7464,2,/home/azureuser/capstone/embeddings/a6e5cdd0-0c16-4d19-bb0f-9f327bfc7464.pt,5237,1356415
8567bd0d-1495-4ee6-b0f8-1e77ab81a41f,2,/home/azureuser/capstone/embeddings/8567bd0d-1495-4ee6-b0f8-1e77ab81a41f.pt,5237,2039685
25a9fee1-1425-4ae2-bdd8-fcd068bd1d06,2,/home/azureuser/capstone/embeddings/25a9fee1-1425-4ae2-bdd8-fcd068bd1d06.pt,5237,2047116
96f9cc0e-d489-443c-a1fd-081dcde2709d,2,/home/azureuser/capstone/embeddings/96f9cc0e-d489-443c-a1fd-081dcde2709d.pt,5237,2047224
4fb7da91-5e3b-48a5-b65d-aeccbed4112c,2,/home/azureuser/capstone/embeddings/4fb7da91-5e3b-48a5-b65d-aeccbed4112c.pt,5256,242969
168f4c0b-355f-4dbd-ad7f-cff2d8217b02,2,/home/azureuser/capstone/embeddings/168f4c0b-355f-4dbd-ad7f-cff2d8217b02.pt,5277,92521
b5cfcaaa-f8ca-4b3e-9b0d-974a6c011e2d,2,/home/azureuser/capstone/embeddings/b5cfcaaa-f8ca-4b3e-9b0d-974a6c011e2d.pt,5277,96368
df89abf2-100c-4bf1-b34b-3c4c01a3c346,2,/home/azureuser/capstone/embeddings/df89abf2-100c-4bf1-b34b-3c4c01a3c346.pt,5277,97289
9eb0d769-1c62-4c74-b25b-c713f0b1175f,39,/home/azureuser/capstone/embeddings/9eb0d769-1c62-4c74-b25b-c713f0b1175f.pt,5277,97447
3adbf15e-985e-47e2-aaa8-0fffe17c08cf,2,/home/azureuser/capstone/embeddings/3adbf15e-985e-47e2-aaa8-0fffe17c08cf.pt,5277,371074
ea075b05-3b2a-4214-ae38-768611e53f07,39,/home/azureuser/capstone/embeddings/ea075b05-3b2a-4214-ae38-768611e53f07.pt,5277,1488837
45d56aa3-6ed4-4bc7-9868-f70d381d8cfc,39,/home/azureuser/capstone/embeddings/45d56aa3-6ed4-4bc7-9868-f70d381d8cfc.pt,5277,1491325
d0544679-9990-40b4-a8b6-c717531c19e6,2,/home/azureuser/capstone/embeddings/d0544679-9990-40b4-a8b6-c717531c19e6.pt,5277,2095372
2a1f32de-4b0f-49a8-916f-1f3ac189d064,2,/home/azureuser/capstone/embeddings/2a1f32de-4b0f-49a8-916f-1f3ac189d064.pt,5282,135070
43f6d8dc-b0e4-439a-921e-5e728f462cdc,2,/home/azureuser/capstone/embeddings/43f6d8dc-b0e4-439a-921e-5e728f462cdc.pt,5294,139072
86905387-a145-4d60-9341-8d9951362159,2,/home/azureuser/capstone/embeddings/86905387-a145-4d60-9341-8d9951362159.pt,5294,139535
25d60125-09e3-4db1-bba0-40e3d11b3173,2,/home/azureuser/capstone/embeddings/25d60125-09e3-4db1-bba0-40e3d11b3173.pt,5294,144493
e872bfbf-7edc-4bbc-8c46-0cee0e6c9012,2,/home/azureuser/capstone/embeddings/e872bfbf-7edc-4bbc-8c46-0cee0e6c9012.pt,5294,144894
676acfcd-c642-454b-b39a-78716ac72483,2,/home/azureuser/capstone/embeddings/676acfcd-c642-454b-b39a-78716ac72483.pt,5294,146447
c4b4745b-763a-4a53-a38d-e1c1d38a2213,39,/home/azureuser/capstone/embeddings/c4b4745b-763a-4a53-a38d-e1c1d38a2213.pt,5294,1782938
5507e0b3-c85e-4d60-9cfa-75835be25cc7,2,/home/azureuser/capstone/embeddings/5507e0b3-c85e-4d60-9cfa-75835be25cc7.pt,5325,350778
0e669fef-95bf-4630-83a7-fcd6e0eeb7cc,2,/home/azureuser/capstone/embeddings/0e669fef-95bf-4630-83a7-fcd6e0eeb7cc.pt,5325,2169920
a1d5bbb9-5425-4f8c-907e-c7a8c39761ab,2,/home/azureuser/capstone/embeddings/a1d5bbb9-5425-4f8c-907e-c7a8c39761ab.pt,5325,2208295
1f43fe58-498b-4845-98c3-7661a93b9b74,39,/home/azureuser/capstone/embeddings/1f43fe58-498b-4845-98c3-7661a93b9b74.pt,5335,1865489
732d4e70-a312-4791-846b-b28a060afc1d,39,/home/azureuser/capstone/embeddings/732d4e70-a312-4791-846b-b28a060afc1d.pt,5335,1867183
3265acf7-b6ea-4694-bb5b-5c259f073bdd,39,/home/azureuser/capstone/embeddings/3265acf7-b6ea-4694-bb5b-5c259f073bdd.pt,5336,139301
fd444813-b5af-463e-a0b4-f86de7452a42,2,/home/azureuser/capstone/embeddings/fd444813-b5af-463e-a0b4-f86de7452a42.pt,5336,144993
482da75c-c5e7-40ce-831e-49aefecff1c0,2,/home/azureuser/capstone/embeddings/482da75c-c5e7-40ce-831e-49aefecff1c0.pt,5336,145185
7d3a65f9-d3d1-4274-b33a-64821ea80ef7,2,/home/azureuser/capstone/embeddings/7d3a65f9-d3d1-4274-b33a-64821ea80ef7.pt,5336,1337528
e577819b-f04f-4746-a219-c538b27bcb70,2,/home/azureuser/capstone/embeddings/e577819b-f04f-4746-a219-c538b27bcb70.pt,5336,1339753
a2f1d2ea-478f-4572-8f40-f7f86482350b,39,/home/azureuser/capstone/embeddings/a2f1d2ea-478f-4572-8f40-f7f86482350b.pt,5345,371089
7920758f-827b-4248-8d92-6d22d36c6800,39,/home/azureuser/capstone/embeddings/7920758f-827b-4248-8d92-6d22d36c6800.pt,5345,1483995
1417eb36-b053-43eb-9822-c4bdd1ccda12,39,/home/azureuser/capstone/embeddings/1417eb36-b053-43eb-9822-c4bdd1ccda12.pt,5345,2097264
de3414e3-b5bb-4f1a-8ae1-7bd74450c0a8,2,/home/azureuser/capstone/embeddings/de3414e3-b5bb-4f1a-8ae1-7bd74450c0a8.pt,5355,140342
1791dced-966e-4f9c-a0b9-fcb66bbde386,2,/home/azureuser/capstone/embeddings/1791dced-966e-4f9c-a0b9-fcb66bbde386.pt,5359,353112
98513e34-0429-4f1e-8daa-cf769e3a0c9f,2,/home/azureuser/capstone/embeddings/98513e34-0429-4f1e-8daa-cf769e3a0c9f.pt,5359,353372
6deb02d7-40d1-49b5-9fad-c8e6fe4d3463,2,/home/azureuser/capstone/embeddings/6deb02d7-40d1-49b5-9fad-c8e6fe4d3463.pt,5359,358549
d83750f8-74e1-44cb-abc0-d953a0f65859,2,/home/azureuser/capstone/embeddings/d83750f8-74e1-44cb-abc0-d953a0f65859.pt,5359,358846
de272dbb-c8f5-44f6-94b3-2b8215a8c410,2,/home/azureuser/capstone/embeddings/de272dbb-c8f5-44f6-94b3-2b8215a8c410.pt,5394,1779316
bbed80e3-385f-42d0-b383-50cb0cc4a80c,39,/home/azureuser/capstone/embeddings/bbed80e3-385f-42d0-b383-50cb0cc4a80c.pt,5483,79282
3183b7eb-9eab-4199-bf3a-bb3423ea1504,39,/home/azureuser/capstone/embeddings/3183b7eb-9eab-4199-bf3a-bb3423ea1504.pt,5483,371343
48796438-bb8b-46cd-a806-a5cb0b67b995,2,/home/azureuser/capstone/embeddings/48796438-bb8b-46cd-a806-a5cb0b67b995.pt,5483,372171
7e81c72d-78b9-4f32-938d-483d52e8255e,2,/home/azureuser/capstone/embeddings/7e81c72d-78b9-4f32-938d-483d52e8255e.pt,5483,372453
ed0feb3d-cc1e-47c3-ae69-a4bc4451b7c5,39,/home/azureuser/capstone/embeddings/ed0feb3d-cc1e-47c3-ae69-a4bc4451b7c5.pt,5483,1486809
99bbe3fc-4598-42b9-8a4e-d603ef8b9c05,39,/home/azureuser/capstone/embeddings/99bbe3fc-4598-42b9-8a4e-d603ef8b9c05.pt,5486,90412
7fbe42e8-0d9b-4b24-b0c4-5fe6d9fa5aa6,39,/home/azureuser/capstone/embeddings/7fbe42e8-0d9b-4b24-b0c4-5fe6d9fa5aa6.pt,5486,288025
fed4f015-d82f-4fd2-ac21-5a77ca2d7441,39,/home/azureuser/capstone/embeddings/fed4f015-d82f-4fd2-ac21-5a77ca2d7441.pt,5486,288403
1acd73c9-3d57-40e8-b777-2ae5e5dfa37a,39,/home/azureuser/capstone/embeddings/1acd73c9-3d57-40e8-b777-2ae5e5dfa37a.pt,5486,370732
01cc448f-9aad-4a4b-a049-61869b0148e2,39,/home/azureuser/capstone/embeddings/01cc448f-9aad-4a4b-a049-61869b0148e2.pt,5508,1488375
831ac2cd-5392-463b-bb3a-c5cf23f8d60f,39,/home/azureuser/capstone/embeddings/831ac2cd-5392-463b-bb3a-c5cf23f8d60f.pt,5508,1489323
1ef111f3-e2a5-43a7-8afa-644d4cab65c1,39,/home/azureuser/capstone/embeddings/1ef111f3-e2a5-43a7-8afa-644d4cab65c1.pt,5508,1491040
2842befc-2025-4a54-a927-f9348159d18a,2,/home/azureuser/capstone/embeddings/2842befc-2025-4a54-a927-f9348159d18a.pt,5587,1490226
bd946d17-dc50-4db6-9ae8-29854fe535a9,2,/home/azureuser/capstone/embeddings/bd946d17-dc50-4db6-9ae8-29854fe535a9.pt,5587,2095819
66f058ae-d31c-4c8f-afd7-5f9002ea1e2a,2,/home/azureuser/capstone/embeddings/66f058ae-d31c-4c8f-afd7-5f9002ea1e2a.pt,5601,1772014
f1b92944-17f9-47d4-977e-26dd33aeebfe,2,/home/azureuser/capstone/embeddings/f1b92944-17f9-47d4-977e-26dd33aeebfe.pt,5601,1781153
10963627-5adb-499c-85e6-169247abf639,2,/home/azureuser/capstone/embeddings/10963627-5adb-499c-85e6-169247abf639.pt,5620,137849
8407b095-a2fb-4cb7-bb15-2b7314bbb228,2,/home/azureuser/capstone/embeddings/8407b095-a2fb-4cb7-bb15-2b7314bbb228.pt,5620,142492
4fa99a8c-eb2c-44c9-97c9-315cfa57cea9,2,/home/azureuser/capstone/embeddings/4fa99a8c-eb2c-44c9-97c9-315cfa57cea9.pt,5620,144721
5ea5d398-2ba5-4a97-94af-d0696262be57,2,/home/azureuser/capstone/embeddings/5ea5d398-2ba5-4a97-94af-d0696262be57.pt,5620,145400
4cff6c29-a15b-4911-8a2d-a0c20ba49168,2,/home/azureuser/capstone/embeddings/4cff6c29-a15b-4911-8a2d-a0c20ba49168.pt,5620,146031
3422fde0-212d-47b7-9188-c0e18771cbcd,2,/home/azureuser/capstone/embeddings/3422fde0-212d-47b7-9188-c0e18771cbcd.pt,5620,147369
ecacd868-5e57-4cde-bd2c-4651d4c83853,2,/home/azureuser/capstone/embeddings/ecacd868-5e57-4cde-bd2c-4651d4c83853.pt,5620,1344390
1e33b7f1-481e-4b25-8cf5-50302d8075bf,2,/home/azureuser/capstone/embeddings/1e33b7f1-481e-4b25-8cf5-50302d8075bf.pt,5620,1349768
2880f0c4-8eac-4312-b92c-91fb334dcc6f,39,/home/azureuser/capstone/embeddings/2880f0c4-8eac-4312-b92c-91fb334dcc6f.pt,5620,1351374
ce218c2f-2e3b-47be-8769-e8f7eb19cd91,2,/home/azureuser/capstone/embeddings/ce218c2f-2e3b-47be-8769-e8f7eb19cd91.pt,5620,1774312
265062c0-fdf6-4c09-8430-3e72526e0454,2,/home/azureuser/capstone/embeddings/265062c0-fdf6-4c09-8430-3e72526e0454.pt,5620,1782710
32ad704b-9e7c-4d20-96c3-45af0e4fe4b9,2,/home/azureuser/capstone/embeddings/32ad704b-9e7c-4d20-96c3-45af0e4fe4b9.pt,5620,2039515
6439bf88-b988-468d-a7b1-874f4fdbd53f,2,/home/azureuser/capstone/embeddings/6439bf88-b988-468d-a7b1-874f4fdbd53f.pt,5620,900300005620
047b8bb7-259b-4ac1-b0ab-a46a360718cd,2,/home/azureuser/capstone/embeddings/047b8bb7-259b-4ac1-b0ab-a46a360718cd.pt,5684,142830
33c0550d-6c7e-4177-b93d-902ba6410311,2,/home/azureuser/capstone/embeddings/33c0550d-6c7e-4177-b93d-902ba6410311.pt,5684,2040876
d335884f-a3a6-4035-9fe0-5c72269ea0e4,2,/home/azureuser/capstone/embeddings/d335884f-a3a6-4035-9fe0-5c72269ea0e4.pt,5755,359294
07e99487-272a-4e6a-8696-ed2a06034479,2,/home/azureuser/capstone/embeddings/07e99487-272a-4e6a-8696-ed2a06034479.pt,5755,1347417
efc27c4c-ed54-49dd-a4d9-9968ea07ed12,2,/home/azureuser/capstone/embeddings/efc27c4c-ed54-49dd-a4d9-9968ea07ed12.pt,5755,1347860
887627b6-4e47-48c7-a8d3-f8a2fc798e1e,2,/home/azureuser/capstone/embeddings/887627b6-4e47-48c7-a8d3-f8a2fc798e1e.pt,5755,1771358
2ac86ecf-b798-4b9e-ad31-396541db03fc,2,/home/azureuser/capstone/embeddings/2ac86ecf-b798-4b9e-ad31-396541db03fc.pt,5755,1782135
8a8c66b0-6031-4435-9866-2d7ed4d18853,2,/home/azureuser/capstone/embeddings/8a8c66b0-6031-4435-9866-2d7ed4d18853.pt,5756,348597
21235353-5d67-466d-b17c-a87f5be21a02,2,/home/azureuser/capstone/embeddings/21235353-5d67-466d-b17c-a87f5be21a02.pt,5769,1340054
f7d7835f-eb24-4fdc-97f5-aeb52235bd24,2,/home/azureuser/capstone/embeddings/f7d7835f-eb24-4fdc-97f5-aeb52235bd24.pt,5769,1353290
cdb0bf9f-8633-464b-bd3f-440c29f380ab,2,/home/azureuser/capstone/embeddings/cdb0bf9f-8633-464b-bd3f-440c29f380ab.pt,5769,1355035
c0cbf736-8bc2-4cda-8610-5f19aa6d8030,39,/home/azureuser/capstone/embeddings/c0cbf736-8bc2-4cda-8610-5f19aa6d8030.pt,5802,370322
a70cc5e2-a732-4abe-95b8-4ade796a83dc,2,/home/azureuser/capstone/embeddings/a70cc5e2-a732-4abe-95b8-4ade796a83dc.pt,5802,370407
e29a0712-1db7-4a27-ae38-cd3b05c1b106,2,/home/azureuser/capstone/embeddings/e29a0712-1db7-4a27-ae38-cd3b05c1b106.pt,5802,370516
271ccaec-39bf-4dfa-bdd1-aebd9ae5cd69,39,/home/azureuser/capstone/embeddings/271ccaec-39bf-4dfa-bdd1-aebd9ae5cd69.pt,5802,371660
dcb1d8ba-30eb-4217-a6b3-1723793057e6,2,/home/azureuser/capstone/embeddings/dcb1d8ba-30eb-4217-a6b3-1723793057e6.pt,5802,372076
851dcb2b-a184-4a8a-aa32-856cb70d4be3,39,/home/azureuser/capstone/embeddings/851dcb2b-a184-4a8a-aa32-856cb70d4be3.pt,5802,372101
bf6d850b-cf02-4cd0-9896-e518a1c3096e,2,/home/azureuser/capstone/embeddings/bf6d850b-cf02-4cd0-9896-e518a1c3096e.pt,5802,1865946
8802b2ac-7d0b-494b-b6f5-e746aba341ae,39,/home/azureuser/capstone/embeddings/8802b2ac-7d0b-494b-b6f5-e746aba341ae.pt,5816,1864926
2224b364-c685-42ed-a23c-5078f0b5ac0b,39,/home/azureuser/capstone/embeddings/2224b364-c685-42ed-a23c-5078f0b5ac0b.pt,5907,1483441
42ec9d8a-c91b-4274-8fba-2c8af33c16e5,39,/home/azureuser/capstone/embeddings/42ec9d8a-c91b-4274-8fba-2c8af33c16e5.pt,5961,86747
aab10ef1-bdd9-4c00-a63d-637a1fa4a03c,39,/home/azureuser/capstone/embeddings/aab10ef1-bdd9-4c00-a63d-637a1fa4a03c.pt,5961,1865893
e6e465eb-dccf-41af-a691-58e265b2e85a,2,/home/azureuser/capstone/embeddings/e6e465eb-dccf-41af-a691-58e265b2e85a.pt,5967,242562
59b5379b-7ed6-4fef-a485-00bc2a8efd80,2,/home/azureuser/capstone/embeddings/59b5379b-7ed6-4fef-a485-00bc2a8efd80.pt,6004,2042265
65437115-6d16-485b-b4af-cf3b3537fac4,39,/home/azureuser/capstone/embeddings/65437115-6d16-485b-b4af-cf3b3537fac4.pt,6220,2095623
28dee127-e98b-40ad-be12-69ae4e380c63,2,/home/azureuser/capstone/embeddings/28dee127-e98b-40ad-be12-69ae4e380c63.pt,6233,1341521
fe97af99-0c0c-4b96-8657-5155266dda82,2,/home/azureuser/capstone/embeddings/fe97af99-0c0c-4b96-8657-5155266dda82.pt,6233,1357867
b05af1f1-91cb-4392-9c97-1495bca791e7,2,/home/azureuser/capstone/embeddings/b05af1f1-91cb-4392-9c97-1495bca791e7.pt,6233,1774307
d9d60f01-1255-4b2b-8a93-aa1617372722,2,/home/azureuser/capstone/embeddings/d9d60f01-1255-4b2b-8a93-aa1617372722.pt,6233,1774375
2b68232f-675d-4ad6-b6c0-191cd6ca6edc,2,/home/azureuser/capstone/embeddings/2b68232f-675d-4ad6-b6c0-191cd6ca6edc.pt,6233,1782724
a9ac3eae-b3ef-4357-a924-1c3ec978a24e,2,/home/azureuser/capstone/embeddings/a9ac3eae-b3ef-4357-a924-1c3ec978a24e.pt,6233,1783933
bc729f0a-536d-4448-8793-878b5f2fea69,2,/home/azureuser/capstone/embeddings/bc729f0a-536d-4448-8793-878b5f2fea69.pt,6233,1786739
56e39f58-9ec2-4b2d-adc7-8ce9f1070e09,2,/home/azureuser/capstone/embeddings/56e39f58-9ec2-4b2d-adc7-8ce9f1070e09.pt,6233,1787686
ddf55a38-d527-4c60-8c5b-8fb257d84d15,2,/home/azureuser/capstone/embeddings/ddf55a38-d527-4c60-8c5b-8fb257d84d15.pt,6233,1788157
4a9a3552-9d3a-43b4-871e-c001f37ccceb,2,/home/azureuser/capstone/embeddings/4a9a3552-9d3a-43b4-871e-c001f37ccceb.pt,6233,1788590
a9fbfcb7-b98d-4452-9f41-595cb26e2bb4,2,/home/azureuser/capstone/embeddings/a9fbfcb7-b98d-4452-9f41-595cb26e2bb4.pt,6233,1788636
57816d72-c367-4eed-9e3c-1d078a2f73e3,2,/home/azureuser/capstone/embeddings/57816d72-c367-4eed-9e3c-1d078a2f73e3.pt,6233,2043226
a2960690-504a-4a82-9a82-e54f9b57a039,2,/home/azureuser/capstone/embeddings/a2960690-504a-4a82-9a82-e54f9b57a039.pt,6233,2169545
f2f70838-3088-4df1-821f-69e6592fba73,2,/home/azureuser/capstone/embeddings/f2f70838-3088-4df1-821f-69e6592fba73.pt,6233,900300006233
a1fbfd36-3bbc-4281-8f63-f91d0850efcc,2,/home/azureuser/capstone/embeddings/a1fbfd36-3bbc-4281-8f63-f91d0850efcc.pt,6270,244967
26f9d072-15df-4e87-bcc2-9e845703a022,39,/home/azureuser/capstone/embeddings/26f9d072-15df-4e87-bcc2-9e845703a022.pt,6406,1486824
a358239a-fd08-4fdd-9c04-290795bdf0a5,39,/home/azureuser/capstone/embeddings/a358239a-fd08-4fdd-9c04-290795bdf0a5.pt,6406,1493128
254f5373-d422-4698-8549-8b5fc7787bb7,39,/home/azureuser/capstone/embeddings/254f5373-d422-4698-8549-8b5fc7787bb7.pt,6406,1494378
4bceb72c-ef4c-4e64-8c06-85272a783e33,2,/home/azureuser/capstone/embeddings/4bceb72c-ef4c-4e64-8c06-85272a783e33.pt,6414,1341711
37658195-458f-4993-a8c0-95fef2eade24,2,/home/azureuser/capstone/embeddings/37658195-458f-4993-a8c0-95fef2eade24.pt,6414,1354303
2a405339-de7e-4d87-b00f-e272dde68222,2,/home/azureuser/capstone/embeddings/2a405339-de7e-4d87-b00f-e272dde68222.pt,6414,2041744
bb6079a9-f0fa-4aed-aa9b-ac5cd738e025,2,/home/azureuser/capstone/embeddings/bb6079a9-f0fa-4aed-aa9b-ac5cd738e025.pt,6447,349764
4403b6bf-615f-46ef-b0bf-4cc589873a21,39,/home/azureuser/capstone/embeddings/4403b6bf-615f-46ef-b0bf-4cc589873a21.pt,6465,83323
bf5b5242-c514-4423-a0b6-78ea91678a4f,39,/home/azureuser/capstone/embeddings/bf5b5242-c514-4423-a0b6-78ea91678a4f.pt,6465,88407
38be0616-5dc2-4bb6-972b-376f9b344cb1,39,/home/azureuser/capstone/embeddings/38be0616-5dc2-4bb6-972b-376f9b344cb1.pt,6465,89150
671e6296-4b09-4e25-8ea0-29e212dc038c,2,/home/azureuser/capstone/embeddings/671e6296-4b09-4e25-8ea0-29e212dc038c.pt,6465,92023
de8e6f36-ae83-4940-b3e9-26ee415374bd,39,/home/azureuser/capstone/embeddings/de8e6f36-ae83-4940-b3e9-26ee415374bd.pt,6465,92907
b79856f6-6d9c-4836-970a-31c021d1c58d,39,/home/azureuser/capstone/embeddings/b79856f6-6d9c-4836-970a-31c021d1c58d.pt,6465,1484641
0f5255ef-d3f8-403d-9f94-fd55b2cc222e,39,/home/azureuser/capstone/embeddings/0f5255ef-d3f8-403d-9f94-fd55b2cc222e.pt,6465,1869701
773662eb-6d11-448f-bbc8-36062c833bf9,2,/home/azureuser/capstone/embeddings/773662eb-6d11-448f-bbc8-36062c833bf9.pt,6517,348855
3a5a4238-868d-47b2-ae97-9b7b0906287a,2,/home/azureuser/capstone/embeddings/3a5a4238-868d-47b2-ae97-9b7b0906287a.pt,6517,349347
23181db1-a011-4c5a-b134-ae9a2e772c0a,2,/home/azureuser/capstone/embeddings/23181db1-a011-4c5a-b134-ae9a2e772c0a.pt,6517,351283
e3ad96a2-2a3a-4901-a6e6-5b2a5d6e2e69,2,/home/azureuser/capstone/embeddings/e3ad96a2-2a3a-4901-a6e6-5b2a5d6e2e69.pt,6517,352526
2dfee12d-b7cd-4caf-b9fc-d36b5674a81c,2,/home/azureuser/capstone/embeddings/2dfee12d-b7cd-4caf-b9fc-d36b5674a81c.pt,6517,355977
48701b13-b8f5-4e8b-b57f-bea29382beb5,2,/home/azureuser/capstone/embeddings/48701b13-b8f5-4e8b-b57f-bea29382beb5.pt,6517,356746
6b3a796a-f253-4236-af81-ff7421495dcb,2,/home/azureuser/capstone/embeddings/6b3a796a-f253-4236-af81-ff7421495dcb.pt,6517,360085
9a4aba22-b9ff-4083-9c83-2fa9a2a23437,2,/home/azureuser/capstone/embeddings/9a4aba22-b9ff-4083-9c83-2fa9a2a23437.pt,6517,364231
04c4d17e-288b-43c0-b6c6-090fd1fdb823,2,/home/azureuser/capstone/embeddings/04c4d17e-288b-43c0-b6c6-090fd1fdb823.pt,6522,357745
4b14fb35-1ab1-4a19-8d21-47cc6a83c9b5,2,/home/azureuser/capstone/embeddings/4b14fb35-1ab1-4a19-8d21-47cc6a83c9b5.pt,6522,1191603
24405431-83b1-4262-bf76-6eb6fda1f5d1,2,/home/azureuser/capstone/embeddings/24405431-83b1-4262-bf76-6eb6fda1f5d1.pt,6522,1337341
0a8c4db9-3997-4238-9392-5d579510fc3c,2,/home/azureuser/capstone/embeddings/0a8c4db9-3997-4238-9392-5d579510fc3c.pt,6522,1780234
16d6807e-956c-4eca-9969-ddae4dfb9a1a,2,/home/azureuser/capstone/embeddings/16d6807e-956c-4eca-9969-ddae4dfb9a1a.pt,6522,1780287
b211d0a3-4a23-4d44-a3eb-4404aa4ac1f9,2,/home/azureuser/capstone/embeddings/b211d0a3-4a23-4d44-a3eb-4404aa4ac1f9.pt,6522,1781700
594e9860-6f43-4d42-b599-bc09a0f16bd0,2,/home/azureuser/capstone/embeddings/594e9860-6f43-4d42-b599-bc09a0f16bd0.pt,6522,2044223
6ebfd7e8-a937-4356-829f-02397e106944,2,/home/azureuser/capstone/embeddings/6ebfd7e8-a937-4356-829f-02397e106944.pt,6531,354995
2bb9c265-8a15-4868-9bf2-c2f83644a407,2,/home/azureuser/capstone/embeddings/2bb9c265-8a15-4868-9bf2-c2f83644a407.pt,6531,356560
07c370f5-75fc-47af-88e7-cf61cbb13d20,2,/home/azureuser/capstone/embeddings/07c370f5-75fc-47af-88e7-cf61cbb13d20.pt,6531,356672
c70802f8-0b5f-4ea9-a9b5-79ad00b7ec35,2,/home/azureuser/capstone/embeddings/c70802f8-0b5f-4ea9-a9b5-79ad00b7ec35.pt,6531,2170695
43ea9c6e-f051-4945-87a9-46bd9e309a01,2,/home/azureuser/capstone/embeddings/43ea9c6e-f051-4945-87a9-46bd9e309a01.pt,6562,132927
78fe3e22-686a-43a8-8725-ae1b27af3ff8,39,/home/azureuser/capstone/embeddings/78fe3e22-686a-43a8-8725-ae1b27af3ff8.pt,6572,87431
4951f7ad-c531-43f1-8437-4347ef04ee2d,39,/home/azureuser/capstone/embeddings/4951f7ad-c531-43f1-8437-4347ef04ee2d.pt,6572,371854
69ad2a6e-82ec-4573-a7da-3b42afe95ceb,2,/home/azureuser/capstone/embeddings/69ad2a6e-82ec-4573-a7da-3b42afe95ceb.pt,6602,2038521
85301af2-5e80-4889-8108-fddd622b1c19,39,/home/azureuser/capstone/embeddings/85301af2-5e80-4889-8108-fddd622b1c19.pt,6608,1486669
dcc17283-69eb-41e4-8933-7f708c5ce632,39,/home/azureuser/capstone/embeddings/dcc17283-69eb-41e4-8933-7f708c5ce632.pt,6672,80459
a19917cc-8b25-43f1-bb63-634974219c31,2,/home/azureuser/capstone/embeddings/a19917cc-8b25-43f1-bb63-634974219c31.pt,6701,2170744
3f01dadf-a49e-45ae-b766-30de218f70b8,2,/home/azureuser/capstone/embeddings/3f01dadf-a49e-45ae-b766-30de218f70b8.pt,6709,1340919
fe6cd780-31a6-4528-85e9-6b6748e21533,2,/home/azureuser/capstone/embeddings/fe6cd780-31a6-4528-85e9-6b6748e21533.pt,6709,1346934
c42af358-5245-4b4c-a4b8-3997eeb35f0c,2,/home/azureuser/capstone/embeddings/c42af358-5245-4b4c-a4b8-3997eeb35f0c.pt,6709,1773078
ed21465e-ae1f-4fbb-87a6-e20a6812906c,39,/home/azureuser/capstone/embeddings/ed21465e-ae1f-4fbb-87a6-e20a6812906c.pt,6709,1785709
a49cf5bb-114a-4c11-af93-421756bcd5a4,39,/home/azureuser/capstone/embeddings/a49cf5bb-114a-4c11-af93-421756bcd5a4.pt,6709,1785998
1a008586-a846-4eb6-8447-1c47ba889206,39,/home/azureuser/capstone/embeddings/1a008586-a846-4eb6-8447-1c47ba889206.pt,6709,2041299
96deaad1-238f-41ab-9d42-7f8bcef807e2,39,/home/azureuser/capstone/embeddings/96deaad1-238f-41ab-9d42-7f8bcef807e2.pt,6720,81186
4de2b6ab-54cf-4a90-ad8d-8ecb7a81d4ad,2,/home/azureuser/capstone/embeddings/4de2b6ab-54cf-4a90-ad8d-8ecb7a81d4ad.pt,6720,94463
dca0df0d-610a-4a8f-8b15-ad6b604b3119,39,/home/azureuser/capstone/embeddings/dca0df0d-610a-4a8f-8b15-ad6b604b3119.pt,6720,96768
d3a7f98e-efc9-4ca0-9c8c-97c2239bc750,39,/home/azureuser/capstone/embeddings/d3a7f98e-efc9-4ca0-9c8c-97c2239bc750.pt,6720,1866652
7a3de0c7-7b46-4618-a733-4dd1cc4dc872,39,/home/azureuser/capstone/embeddings/7a3de0c7-7b46-4618-a733-4dd1cc4dc872.pt,6720,1867555
107b105f-3b9e-4924-b82b-01290da7d815,2,/home/azureuser/capstone/embeddings/107b105f-3b9e-4924-b82b-01290da7d815.pt,6747,88763
bef31af3-fabe-4ff8-bb27-afa37c8793f7,2,/home/azureuser/capstone/embeddings/bef31af3-fabe-4ff8-bb27-afa37c8793f7.pt,6747,91239
17e3cf1f-1ac7-47ac-9465-c915c95ff143,39,/home/azureuser/capstone/embeddings/17e3cf1f-1ac7-47ac-9465-c915c95ff143.pt,6747,1867942
a9b80f05-db54-4c0e-8611-6ace79ff70b7,2,/home/azureuser/capstone/embeddings/a9b80f05-db54-4c0e-8611-6ace79ff70b7.pt,6789,133217
5bf4846e-5c12-4fbf-91de-7b95e23639ff,2,/home/azureuser/capstone/embeddings/5bf4846e-5c12-4fbf-91de-7b95e23639ff.pt,6789,144094
c00ca3dc-e5f0-4bf1-8f34-7c96063d0247,2,/home/azureuser/capstone/embeddings/c00ca3dc-e5f0-4bf1-8f34-7c96063d0247.pt,6789,1770632
7a857067-94e3-4144-be2c-bc1b489819db,2,/home/azureuser/capstone/embeddings/7a857067-94e3-4144-be2c-bc1b489819db.pt,6789,1775204
0c7a48c2-b178-480c-a807-0ef6ebd65ff8,2,/home/azureuser/capstone/embeddings/0c7a48c2-b178-480c-a807-0ef6ebd65ff8.pt,6810,349938
731d6952-da05-42e3-b6d6-90aad9465b95,2,/home/azureuser/capstone/embeddings/731d6952-da05-42e3-b6d6-90aad9465b95.pt,6811,1355077
77b984dc-6ad0-4e27-af9a-ab8cc735c06b,2,/home/azureuser/capstone/embeddings/77b984dc-6ad0-4e27-af9a-ab8cc735c06b.pt,6811,1356364
0c4bdf52-7428-4106-99c5-eab3e084c817,2,/home/azureuser/capstone/embeddings/0c4bdf52-7428-4106-99c5-eab3e084c817.pt,6811,1356783
49107b49-af12-409c-ada5-e2675208b65b,2,/home/azureuser/capstone/embeddings/49107b49-af12-409c-ada5-e2675208b65b.pt,6811,1771592
78363646-3753-4035-b93d-8bfd0ca02f81,2,/home/azureuser/capstone/embeddings/78363646-3753-4035-b93d-8bfd0ca02f81.pt,6811,1772489
b44027fc-b16c-454b-af1b-29acfb305850,2,/home/azureuser/capstone/embeddings/b44027fc-b16c-454b-af1b-29acfb305850.pt,6811,1785296
8a86e21c-e4e9-44c5-8bc8-ca137813181e,2,/home/azureuser/capstone/embeddings/8a86e21c-e4e9-44c5-8bc8-ca137813181e.pt,6811,1785584
26e525fa-81ea-4bc6-bf4a-22e6078085b9,2,/home/azureuser/capstone/embeddings/26e525fa-81ea-4bc6-bf4a-22e6078085b9.pt,6811,1786880
da8d31cf-f988-48dd-837a-e331ce1fafa2,2,/home/azureuser/capstone/embeddings/da8d31cf-f988-48dd-837a-e331ce1fafa2.pt,6811,1787699
38d76c48-d0ef-471b-83f0-b22266241a4b,2,/home/azureuser/capstone/embeddings/38d76c48-d0ef-471b-83f0-b22266241a4b.pt,6811,1788387
82e073e7-6361-4571-8ed9-1583f7812782,2,/home/azureuser/capstone/embeddings/82e073e7-6361-4571-8ed9-1583f7812782.pt,6811,1788714
226db55a-71f4-4baf-b260-29424dd825bc,2,/home/azureuser/capstone/embeddings/226db55a-71f4-4baf-b260-29424dd825bc.pt,6811,1788930
4c1b483c-2cdb-4323-99be-5b2ea3159187,2,/home/azureuser/capstone/embeddings/4c1b483c-2cdb-4323-99be-5b2ea3159187.pt,6811,2039774
9aa5b6f5-dd34-412a-98e8-77f80064dd97,2,/home/azureuser/capstone/embeddings/9aa5b6f5-dd34-412a-98e8-77f80064dd97.pt,6811,900300006811
fd4e3bbb-08ba-4648-acbe-5a0b7b3d5c4f,39,/home/azureuser/capstone/embeddings/fd4e3bbb-08ba-4648-acbe-5a0b7b3d5c4f.pt,6842,1484668
cd830314-8dd0-43aa-a420-7e06ca247f84,2,/home/azureuser/capstone/embeddings/cd830314-8dd0-43aa-a420-7e06ca247f84.pt,6935,348379
165a3bee-0918-4391-928d-d58ecb6d0dfa,2,/home/azureuser/capstone/embeddings/165a3bee-0918-4391-928d-d58ecb6d0dfa.pt,6935,354371
